0.836512994,0.033231052,0.627819546,0.05878178,0.041466039,0.057288692,0.070728089,0.028464783,0.041679075,0.049383051,0.296203252,0.393520976,0.243434464,0.180518496,0.130432537,0.245759137,0.589938212,0.163373118,0.097664849,0.06799035,0.063886918,0.039350803,0.156354868,0.801473346,0.6616206,0.205232517,0.053704841,0.0506928,0.080610446,0.066917591,0.0700728,0.024515221,0.038326613,0.016054215,0.041936427,0.01649433,0.063431663,0.599613523,0.535123702,0.508692934,0
0.817634667,0.057686538,0.649267115,0.089553313,0.052767079,0.060232319,0.10157391,0.038246987,0.034396792,0.054007391,0.137732226,0.01549658,0.1257172,0.33885436,0.236453322,0.233240458,0.693677159,0.173705015,0.103841284,0.048212175,0.086225676,0.035862335,0.010725349,0.244769193,0.66364049,0.787120591,0.180820445,0.017966223,0.085708344,0.109842418,0.008114333,0.05213118,0,0.008534751,0.0334414,0,0.015424219,0.155873507,1,0.81375154,0
0.820431939,0.025246747,0.658545866,0.032575354,0.043257123,0.048312588,0.035447904,0.026199475,0.026869027,0.044790204,0.227666203,0.108476064,0.184878235,0.346809601,0.255675692,0.233240458,0.628628728,0.069482005,0.075520932,0.023234106,0.051789424,0.011954111,0.005362675,0.516734961,1,0.36628384,0.114202387,0.035932445,0.021427085,0.14626758,0.078438498,0,0.040750433,0,0.016720701,0.043843625,0.010153198,0.483423366,0.758620689,0.394444955,0
0.827415775,0.024747631,0.581961949,0.035640378,0.030315601,0.042087668,0.040955173,0.026361411,0.01849767,0.040118139,0.096603878,0.047812621,0.182533439,0.194722252,0.09236368,0.132339518,0.725187749,0.547853374,0.213592232,0.0756779,0.372494528,0.50406504,0.32540101,0.363616021,0.160678898,0.072135297,0.048938353,0.018477459,0.0881472,0.001603416,0.010115436,0.080421886,0.01397,0.008777611,0,0.018036482,0.162541425,1,0.189141202,0.02587226,0
0.821571298,0.00822533,0.640779649,0,0.027508422,0.019143537,0,0.022541923,0.006043876,0.037526892,0.377494741,0.208886288,0.314383924,0.188552516,0.159773918,0.206187939,0.495243899,0.324201899,0.078306541,0.050515479,0.339981345,0.297481007,0.433717324,0.516995037,0.171366541,0.113130219,0.009867898,0.018628914,0,0.039679188,0.083626347,0.054054052,0,0,0.017337447,0.227304035,0.814351199,0.305235112,0.035754664,0.000713244,0
0.830105147,0.021177856,0.631766161,0.024989241,0.023165246,0.013448535,0.029812358,0.020899505,0.011819882,0.038019497,0.226603988,0.200662416,0.110490221,0.12334256,0.095009971,0.09273355,0.302106093,0.565202377,0.592385903,0.197244716,0.325923689,0.452467831,0.272419664,0.550819908,0.26565242,0.031050363,0.018958796,0,0.021342728,0.036705278,0.077884775,0.051925943,0.027059999,0.034004598,0.188755198,0.628862568,0.424841466,0.235328895,0.040071499,0.073410314,0
0.817700388,0.037705484,0.620060529,0.015315661,0.012384501,0.011598238,0.016282847,0.009917007,0.009683685,0.036141725,0.547093073,0.374881427,0.171443259,0.045334579,0.096459321,0.211709062,0.524533961,0.478576922,0.237883419,0.036121196,0.503576601,0.373530269,0.378378378,0.411199241,0.19121155,0.109975193,0,0,0.021597821,0.000857167,0.008674692,0.052546567,0.013691713,0.077424815,0.292134832,0.910375306,0.297224361,0.093532118,0.028964602,0,0
0.819820624,0.031533895,0.590176071,0.025606831,0.028232475,0.033897912,0.03010849,0.023135914,0.019248494,0.042505406,0.359393037,0.246000622,0.190765338,0.154199233,0.139034848,0.173367255,0.623526892,0.413622293,0.131125072,0.084895654,0,0,0.015961844,0.350782514,0.786380424,0.494857566,0.339920046,0.124777182,0.063777091,0.10869967,0.00756278,0.051722309,0.026953879,0,0.016589557,0.14789916,0.726453994,0.445293723,0.034212306,0.024081652,0
0.812840062,0.033367188,0.642047744,0.050981847,0.0385595,0.045715294,0.057643081,0.025540991,0.028620705,0.047745236,0.139890638,0.031365079,0.052387097,0.134309264,0.226637097,0.183095277,0.438947504,0.609403509,0.324815534,0.137433842,0.00034166,0.024195122,0.303913513,1,0.340562869,0.181396227,0.04815534,0,0.065052632,0.111590823,0.080126284,0.052756757,0.027492958,0.025911504,0.011280899,0.017747899,0.101088858,0.692963331,0.430390804,0.474359857,0
0.824786621,0.030158021,0.621682419,0.047805957,0.026358571,0.034278191,0.056477068,0.023902409,0.026016982,0.043660022,0.09223413,0.216097987,0.147320294,0.242201343,0.165214508,0.243879002,0.701658825,0.299903303,0.065820656,0.03552646,0.223021657,0.226233915,0.224345606,0.469551397,0.342968249,0.302741049,0.094793977,0.071581959,0.064028183,0.181832303,0.147932079,0,0,0.00850115,0,0.043671011,0.272583655,0.676066483,0.343469996,0.220818237,0
0.829814108,0.027469899,0.627078766,0.032967242,0.018500082,0.003165794,0.039197695,0.015970937,0.001811709,0.035876181,0.230903826,0.156825397,0.134709677,0.134309264,0.122887554,0.124032285,0.427976002,0.726596492,0.305708738,0.112156035,0.331411799,0.211707317,0.265924324,0.605504587,0.227097594,0.252377359,0.105941747,0.036363636,0.021684211,0.037866292,0.151294342,0.026378378,0.027492958,0.103646018,0.214337079,0.514689075,0.458485191,0.204465816,0.040712644,0.050021594,0
0.822667724,0.021594721,0.619688974,0.066475128,0.031072911,0.020055227,0.077127365,0.029172142,0.019058582,0.050998075,0.223466957,0.152553888,0.101920421,0.082058019,0.131440837,0.160389348,0.362360443,0.661205544,0.427486684,0.145597493,0.254119158,0.358925691,0.348427806,0.544390106,0.287413166,0.076719771,0.009368744,0.017686595,0,0,0.007019804,0,0,0.008401915,0.060355003,0.41434784,0.513156306,0.396443439,0.096180509,0.096544375,0
0.817487578,0.014349931,0.603852128,0.041866483,0.014307828,0,0.053234383,0.013697578,0,0.046771861,0.137732226,0.185958968,0.133112329,0.139973394,0.159563838,0.128187704,0.238338143,0.382151031,0.509766299,0.347949018,0.034571298,0.035862335,0.134066873,0.344489972,0.404902406,0.358490567,0.247438504,0.628817823,0.299979196,0.219117904,0.781680185,0.312787096,0.393920837,0.332855295,0.250810499,0.517354768,0.131386689,0.086915643,0.040229885,0.098463837,0
0.842625962,0.013065875,0.632283415,0.043606602,0.043515891,0.057724459,0.051381626,0.032303476,0.040702526,0.04611904,1,0.344177876,0.221374046,0.271417013,0.239803785,0.444415205,0.114241297,0.011182537,0,0.009887045,0.016170245,0.028858685,0,0.210098745,0.730662213,0.654724184,0.275698511,0.225537823,0.062073124,0.104837435,0.141515531,0,0.01311687,0.032966292,0.021528434,0.025402528,0.136677829,0.754802393,0.321882952,0.475312571,0
0.83791438,0.023677325,0.628042791,0.038774667,0.038409838,0.018859083,0.04430741,0.032944817,0.007963085,0.033735216,0.379221614,0.242014501,0.169388025,0.156440411,0.087156937,0.207109366,0.68926029,0.49433254,0.088457389,0.037778947,0.359377438,0.410719662,0.379668557,0.604069922,0.127388952,0.008113983,0,0,0.022308857,0.039990047,0.084226507,0.054276501,0.014142467,0,0,0.03651831,0.329321133,0.719384126,0.25729625,0.129219076,0
0.834098581,0.02574606,0.61498604,0.043947686,0.042896026,0.038045325,0.049159273,0.036301155,0.021918323,0.040541221,0.048514842,0.124960476,0.201259478,0.173632612,0.186878496,0.264653976,0.633811871,0.326833019,0.123699378,0.023532646,0.555642573,0.58439413,0.281081081,0.30154611,0.156438251,0.047132225,0.019185393,0,0.021597821,0.074287971,0.079559199,0,0,0,0.011235954,0.026515785,0.063451413,0.887074134,0.382332738,0.174031393,0
0.83403504,0.025276232,0.614795299,0.011621642,0.059435469,0.042528506,0.012794649,0.033336466,0.028079416,0.019563144,0.393334062,0.431457431,0.241703967,0.133692943,0.21419584,0.314333813,0.476849057,0.112146395,0.068565058,0.000885305,0.024602907,0,0.006491659,0.021948115,0,1,0.933153714,0.086994345,0.103752204,0.140516238,0.022919424,0,0.032886313,0.030994623,0.013493898,0.010614772,0.052876213,0.602587396,0.605263158,0.393146792,0
0.835091068,0.02046306,0.634074643,0.030103222,0.033812351,0.011708986,0.033744292,0.026196645,0.007293589,0.03049541,0.198894954,0.166128597,0.063422635,0.145771279,0.138603851,0.119927907,0.443038571,0.769699672,0.313723876,0.119653688,0.739711951,0.403679207,0.362185067,0.476208989,0.077240589,0.008354653,0.010202402,0,0.022970561,0.081288788,0.013180058,0.055886393,0.014561947,0.036598171,0.107550942,0.470018516,0.593695466,0.205254352,0.086255601,0.054463816,0
0.835517706,0.010068937,0.613890618,0.050017902,0.031503415,0.035364163,0.045766545,0.032144022,0.018739555,0.04259463,0.003923567,0.047619048,0.045448609,0.047022711,0.072194141,0.155644138,0.533382376,0.842176292,0.406116112,0.203238012,0.000553297,0.159178434,0.142816501,0.501430005,0.230489892,0.41509434,0.185212845,0.2944424,0.329213724,0.188001674,0.009822615,0.026698764,0.01391344,0.008742073,0,0.026945191,0.05385786,0.748669187,0.523919215,0.202516578,0
0.855069694,0,0.615391836,0.045777516,0.050563926,0.015439617,0.053715971,0.045121421,0.014000197,0.027419912,0.419079748,0.158944661,0.219122348,0.167745061,0.141698001,0.241679381,0.756528009,0.277145568,0.064549987,0,0.198763974,0.252032521,0.293352812,0.557897346,0.28198239,0.159867415,0.130149567,0.040950041,0.097676624,0.047164882,0.017934386,0.029705384,0,0.038906163,0.101629719,0.379741085,0.445606043,0.435354764,0.091695143,0.059466327,0
0.83084893,0.023114411,0.598063562,0.038559423,0.04208276,0.056089765,0.043667627,0.031339189,0.036580219,0.049889949,0.509716619,0.234067758,0.251324024,0.226471773,0.221749643,0.257761478,0.520578754,0.174914901,0.008911751,0.032927086,0.031680193,0.011285039,0,0.385115706,0.924824357,0.441424951,0.251557745,0.084803255,0.040455619,0.067301088,0.136954512,0.049213395,0.025646417,0,0.010523227,0,0.133373155,0.6941351,0.482865843,0.207984214,0
0.813931988,0.022859193,0.579624761,0.035497076,0.01414524,0.019218372,0.04106336,0.014081824,0.011292705,0.028000569,0.282911367,0.22403628,0.115821813,0.142359966,0.120417326,0.165095127,0.369983778,0.460401002,0.420804438,0.181369078,0.231841832,0.122415796,0.155057915,0.436871995,0.311469209,0.206558851,0.275173369,0.454545455,0.206516291,0.271327304,0.107237934,0,0,0,0.013429642,0.042256903,0.135126605,0.592716109,0.54006568,0.361440712,0
0.814112989,0.03049736,0.614011464,0.02433558,0.015740809,0.03352306,0.026523691,0.014825117,0.026223707,0.035748663,0.054276534,0.033225719,0.015855658,0.034903567,0.241639017,0.138697925,0.408171511,0.608311033,0.516126378,0.22676304,0.093667409,0.102521703,0.310444342,0.553957394,0.28989552,0.33418612,0.163238439,0.096302005,0.045941123,0.081288788,0.088569947,0.055886393,0.014561947,0.045747713,0.035850314,0.065802592,0.305509073,0.550238471,0.345022404,0.213114713,0
0.816401283,0.024940336,0.633262112,0.023893117,0.019608924,0.011230764,0.025104533,0.011916268,0.006510334,0.034273035,0.103098067,0.166835526,0.111461908,0.078125644,0.125508885,0.114230341,0.433345035,0.698170959,0.365874818,0.227788558,0.742932353,0.418266736,0.444554341,0.390396252,0.012794931,0.008390204,0.010245817,0,0.023068308,0.042572111,0.013500865,0,0,0.009188476,0.018001434,0.028321115,0.170661406,0.608330023,0.501173881,0.320344718,0
0.821294866,0.043225885,0.618701552,0.045121085,0.022840868,0.016903798,0.049151307,0.01900535,0.013163561,0.03881257,0.46044713,0.157455219,0.075139267,0.118919169,0.103955345,0.172041721,0.319626912,0.717748187,0.326120015,0.21418092,0.157864148,0.163972965,0.152567025,0.423713202,0.640087357,0.348412518,0.087027722,0.054764514,0.021771294,0.038162379,0.009244037,0.052968635,0.013801685,0,0.022652407,0.106915055,0.385390646,0.526487414,0.315330287,0.175628927,0
0.80877371,0.042943171,0.627169416,0.041957759,0.014596877,0.023547815,0.048584212,0.005719952,0.013258486,0.037968829,0.053869739,0.347398031,0.126310059,0.144907657,0.117388172,0.175419581,0.545236823,0.519209417,0.282167875,0.02576353,0.277005427,0.114850262,0.154567226,0.764525993,0.546243997,0.158068625,0.050796771,0.019179132,0.022873638,0.197447242,0.012861954,0,0,0.036443747,0.023799365,0.009360706,0.034084079,0.609191455,0.558295747,0.659724794,0
0.811852961,0.03802257,0.60989181,0.002873729,0,0.004110876,0.003064696,0,0.004111832,0.031393791,0.100667378,0.311682274,0.289647725,0.227414448,0.163665683,0.371503752,0.425726614,0.134845483,0.019986189,0.025428829,0.238090994,0.189815288,0.119212937,0.345476181,0.331250464,0.470237626,0.282081489,0.133130468,0.068046685,0.002700613,0.086677322,0.027592443,0.100654134,0.11745103,0.218301913,0.491965823,0.368494432,0.220719868,0.103424229,0.027358192,0
0.805135882,0.045539636,0.631177182,0.057467575,0.012348965,0.01619726,0.067166437,0.007722182,0.010077661,0.027731076,0.51012875,0.171289873,0.136235515,0.08764646,0.209828161,0.118470042,0.430852028,0.611565321,0.197096805,0.200505652,0.300114929,0.161496567,0.177827342,0.790505032,0.445639001,0.143570251,0.081817326,0,0.02631579,0.008877521,0.024159172,0.032012596,0,0.020964001,0.027380823,0.215387126,0.532854287,0.583373216,0.049408549,0.035723503,0
0.824857183,0.044287727,0.599587415,0.054288372,0.017445469,0.011809103,0.061231734,0.014892837,0.013882039,0,0.169851497,0.097407077,0.15107193,0.141109857,0.245606831,0.174877818,0.472202741,0.509534705,0.237351505,0.064269504,0.226430421,0.122102712,0.202249454,0.626816342,0.313728032,0.208191726,0.26919134,0.112930545,0.101013401,0.078620844,0.048299573,0,0,0.147529269,0.227720008,0.551176992,0.345239555,0.218263956,0.099343185,0.091416665,0
0.819242616,0.042857511,0.6562241,0.026475032,0.014760204,0.019465377,0.03006087,0.011555052,0.019712785,0.020010005,0.443124146,0.334461747,0.20394435,0.160483582,0.127405085,0.227210574,0.459122588,0.416562735,0.101872727,0.090592027,0.21001666,0.200670443,0.077161522,0.478281665,0.682034193,0.355092552,0.045644872,0.021542436,0.02569219,0.007817427,0.022112503,0,0.032574594,0,0.033414984,0.17874069,0.273479435,0.4106799,0.434139565,0.448334093,0
0.820141387,0.01811963,0.59169022,0.022133852,0.039036783,0.039886416,0.025449947,0.018853217,0.024137934,0.043059455,0.78358875,0.490079365,0.218782518,0.273833117,0.235213169,0.333563015,0.287823912,0,0,0.011248659,0.018047448,0,0.01641238,0.027744894,0.009387857,0.906345101,1,0.183284459,0.021859083,0.149939468,0.081274154,0.053182214,0.027714675,0.008706823,0.017057811,0.017891027,0.091237659,0.675235599,0.527669633,0.201599733,0
0.808261889,0.054333856,0.597462376,0.032514587,0.025737673,0.011776563,0.037568394,0.027324599,0.010369968,0.039843469,0.003737843,0.094854069,0.113163371,0.119636211,0.124090295,0.166852954,0.354183802,0.744269949,0.404478548,0.125916132,0.422048575,0.170731708,0.169594595,0.203462562,0.475707613,0.421370967,0.23300971,0.054985336,0.021859083,0.001301302,0.009532161,0,0,0.026120468,0.159206234,0.67985904,0.516043723,0.176936242,0.041040971,0.025463116,0
0.799900284,0.046856529,0.590868781,0.044199047,0.013329666,0.011354249,0.051774717,0.012743319,0.011617585,0.029022016,0.012297986,0.187590188,0.053711993,0.152952994,0.175413863,0.074125469,0.345610994,0.672878369,0.457100386,0.212541585,0.524834797,0.209826117,0.201241433,0.417014179,0.31320926,0.254716982,0.149765411,0.108742932,0.077814153,0.052328999,0.10804868,0.378637011,0.328863131,0.382267012,0.398069996,0.488279523,0.078399053,0.073910431,0.020871143,0.064711604,0
0.817980793,0.040861844,0.577787426,0.048155317,0.031677035,0.025282193,0.061557959,0.029420155,0.027676763,0.030894172,0.113000382,0.124747475,0.136070382,0.142359966,0.172699125,0.056109843,0.25243197,0.732456141,0.455957635,0.201202855,0.121522836,0.384922395,0.308353808,0.60467056,0.3246936,0.062735849,0.010944396,0,0.049282296,0.006030704,0.180408554,0.059950859,0.046862997,0.157039421,0.217926456,0.534453781,0.29215284,0.247817328,0.092528736,0.116962658,0
0.816645191,0.042259376,0.581748365,0.045820796,0.023784048,0.017921062,0.053656683,0.021009328,0.018066684,0.030695531,0.21409509,0.08830259,0.075850044,0.086150112,0.170906769,0.135259575,0.249960911,0.607080765,0.527158227,0.270426989,0.277253813,0.2656559,0.177233991,0.588891644,0.468732237,0.195393507,0.043383189,0.020475023,0,0.047164882,0.017934386,0.059410762,0.030960538,0.038906163,0.165148294,0.409720645,0.385535394,0.343669795,0.117893756,0.171903599,0
0.805028156,0.05959702,0.608693473,0.057141603,0.022146835,0.016327994,0.071363562,0.020910056,0.017224791,0.026205964,0.45732688,0.191250485,0.091266719,0.157086858,0.131902378,0.075917554,0.299261552,0.571673085,0.547572816,0.13989997,0.322911922,0.059012492,0.119129861,0.257328261,0.224543028,0.461665899,0.38759176,0.399113082,0.290885754,0.143957689,0.371741744,0.160843772,0.184403986,0.179063241,0.254508084,0.595203935,0.268793217,0.125319007,0.063835156,0.066459372,0
0.802128652,0.048834494,0.599743573,0.054360166,0.014344256,0.01689353,0.059222604,0.011834163,0.016382099,0.024715358,0.302611183,0.178210676,0.094493321,0.032577671,0.21936677,0.146344971,0.366025803,0.725057593,0.349808766,0.081516267,0.246928193,0.084010841,0.075375376,0.150588454,0.245347253,0.408280923,0.462096695,0.665748391,0.246411481,0.28994461,0.117507485,0.033306033,0.06942666,0.218110307,0.284871184,0.728291316,0.332564005,0.078934409,0.00734355,0.006654878,0
0.816203834,0.040159839,0.596205571,0.037524714,0.017128805,0.008698525,0.043083167,0.017120426,0.011034655,0.01264473,0.14135859,0.147550778,0.070412765,0.060121617,0.20035109,0.093421142,0.27307727,0.771835503,0.500782962,0.155644735,0.240540822,0.073170732,0.094827085,0.160303837,0.229350006,0.296814769,0.362459546,0.733137832,0.67034522,0.310964156,0.32041413,0.28363848,0.129335152,0.290227424,0.242599976,0.345893195,0.261518571,0.163257437,0.093807935,0.243537021,0
0.824218768,0.029058856,0.580495917,0.045512541,0.024144697,0.023473646,0.051292287,0.021140436,0.019574488,0.035762596,0.298191355,0.2010582,0.047973532,0.044306549,0.16079604,0.095863781,0.329795125,0.663592742,0.581777447,0.147804223,0.150462531,0.161559308,0.173943174,0.450874305,0.432692792,0.379172714,0.195502447,0.038850041,0.046333786,0.12167281,0.165892922,0.056364059,0.014686408,0.036910975,0.078339576,0.42663219,0.524776079,0.312772296,0.105634149,0.028474002,0
0.817572703,0.054493352,0.615981315,0.049431608,0.017340753,0.013813194,0.052154326,0.015316565,0.015889815,0.034107135,0.389888894,0.115799344,0.071049409,0.093953849,0.069507976,0.113116846,0.360063792,0.754089866,0.483716358,0.212414004,0.111580639,0.159514253,0.200364922,0.551620021,0.454175454,0.399331265,0.060956127,0.038358268,0,0.041910258,0.087933758,0.30607823,0.145005052,0.245995296,0.297492059,0.439953196,0.253532044,0.149108654,0.073621417,0.080459358,0
0.825864974,0.030264861,0.569899314,0.067743586,0.066511668,0.042634167,0.080605537,0.044486826,0.03519202,0.034725164,0.32999762,0.183207239,0.06994272,0.119787906,0.208577889,0.134078513,0.349842503,0.752992295,0.345975864,0.015297146,0.043984946,0.007066332,0,0,0.335260752,0.967421973,0.65257236,0.106202209,0,0.13639534,0.020930419,0.061631723,0.03211794,0.010090149,0.00658931,0.041467055,0.144859814,0.445453575,0.597915995,0.616661306,0
0.821344762,0.039952706,0.621578612,0.073720897,0.046461882,0.041200365,0.089839542,0.037765353,0.029002788,0.027057039,0.24086547,0.156045171,0.176857647,0.141358636,0.08665909,0.048396392,0.469405705,0.53932094,0.510940443,0.142967293,0.741456773,0.383691299,0.351001748,0.581952622,0.023789361,0.009809443,0.011978939,0,0.026970409,0.055838941,0.203342621,0,0,0.010742746,0.014030969,0.088298006,0.234551853,0.685093673,0.34722937,0.130368933,0
0.806142851,0.033405013,0.597664829,0.086006262,0.039597663,0.019822184,0.105993908,0.041325048,0.022382164,0.020086567,0.354724095,0.2051495,0.152288072,0.186826049,0.096271573,0.145391111,0.440605986,0.783557731,0.152743282,0.059248997,0.134876894,0.140669314,0.276084224,0.333368892,0.277639372,0.286584028,0.279972906,0.23784355,0.252141984,0.07129951,0.041232104,0.076681333,0.139862429,0.150648282,0.188561536,0.425640023,0.423254174,0.220153998,0.076082598,0.011418999,0
0.813472066,0.034327114,0.565098223,0.069224762,0.039757065,0.026751683,0.082752541,0.039659514,0.025832895,0.019685405,0.653103893,0.130687829,0.207885304,0.164723025,0.081820027,0.187360938,0.496243126,0.602241717,0.132686085,0.073537163,0.055520018,0.109214092,0.241201201,0.369520897,0.311469209,0.438155136,0.214023733,0.303030305,0.090350879,0.066536942,0.135479216,0.03663664,0,0.011996068,0.039169788,0.271148459,0.233556652,0.419637341,0.420051085,0.321819961,0
0.804221732,0.049941507,0.64997153,0.033301383,0.023099185,0.029382586,0.040806607,0.018794935,0.018268268,0.023691383,0.568318578,0.36337592,0.228166799,0.098179286,0.187256554,0.183959614,0.406300596,0.500213949,0.104854369,0.032006889,0.514159118,0.265556216,0.311061306,0.648914745,0.235187051,0.048090198,0.023490411,0.066518845,0,0.05404973,0.111370805,0,0,0,0,0.01082189,0.054121229,0.437367361,0.688001121,0.918788739,0
0.802302205,0.039576033,0.612912586,0.043101281,0.030105026,0.018068876,0.04996589,0.019557793,0.009955422,0.024539686,0.245153363,0.15840949,0.160638645,0.083402809,0.186617544,0.168717316,0.407584525,0.532695376,0.385995882,0.049599845,0.576942284,0.397142154,0.520775321,0.405430452,0.002900085,0,0,0.022956841,0.027379053,0.010685025,0.117507485,0,0,0,0,0.011204482,0.170919349,0.57824043,0.572796935,0.258786939,0
0.801036954,0.055809215,0.575068508,0.051528391,0.026358327,0.032471016,0.068551047,0.017289183,0.022010277,0.021336857,0.138445986,0.1452087,0.168288104,0.239266558,0.145291143,0.068219319,0.326446071,0.85259445,0.252735399,0.052639504,0.374743174,0.120015485,0.193822394,0.861608661,0.432692792,0.104322652,0.012739507,0.072150073,0.028682817,0.061660986,0.126065461,0.034892033,0,0,0,0.046952114,0.05257237,0.429637447,0.646232438,0.998674486,0
0.805529177,0.041326511,0.567647651,0.057956234,0.015725251,0.020913789,0.069868349,0.014222843,0.024156688,0.022594815,0.077618459,0.165079364,0.157555178,0.099987851,0.17851642,0.091081353,0.454538587,0.585964913,0.314256514,0.235219042,0.326826339,0.19101412,0.142816501,0.47078706,0.476078075,0.342452831,0.076034746,0.119617223,0.028531857,0.012644743,0.125074535,0.10412518,0.144699777,0.284117372,0.170697812,0.443697479,0.318951823,0.258947368,0.030611011,0.106512448,0
0.792434406,0.037005087,0.569019037,0.046125469,0.007988,0.012226756,0.063308608,0.005687047,0.014736533,0.020060644,0.273882279,0.174250439,0.19749104,0.242993735,0.162874358,0.105329003,0.145764589,0.488304095,0.42459547,0.196415393,0.128123116,0.067208671,0.067837838,0.178389399,0.190245624,0.361477987,0.494929882,0.732323232,0.391520468,0.527315261,0.23432375,0.109909912,0.095461659,0.167944937,0.148845194,0.382072828,0.240965366,0.290405194,0.201947637,0.252483638,0
0.811165003,0.04070053,0.584960518,0.058104002,0.024242868,0.025081369,0.068422738,0.017584457,0.023361303,0.025101127,0.129371527,0.137911779,0.084616632,0.072573733,0.128524699,0.167780451,0.2538103,0.397513886,0.684100113,0.287449371,0.245601503,0.15197941,0.177264701,0.633903463,0.605695295,0.158528492,0.048397328,0.022841482,0,0.195688654,0.206011495,0.099416,0.103616676,0.08680571,0.113375868,0.62429796,0.411254085,0.231877318,0.058453185,0.037854636,0
0.30388969,0.235607705,0.819932939,0.53308083,0.711983885,0.383407374,0.582436302,0.758658151,0.375390677,0.518499799,0.166993831,0.043242298,0.06190702,0.148279598,0.230022307,0.335139054,0.613442789,0.355456655,0.166833238,0.032233555,0.095024644,0.127869441,0.14964229,0.16864544,0.148352181,0.282706715,0.37178755,0.885695186,0.498258517,0.235187834,0.003201993,0.048489665,0,0.007938575,0.005184237,0.06524963,0.175376462,0.571437602,0.481110547,0.45692381,1
0.332010274,0.131479811,0.633951691,0.480986417,0.677647391,0.338962155,0.516606809,0.723452575,0.389094773,0.463435511,0.086656512,0.059179396,0.0635423,0.039827446,0.126680285,0.171728437,0.671626151,0.796027805,0.26136655,0.093078444,0.213055048,0.1711919,0.127995921,0.12982517,0.137181716,0.2752937,0.372522439,0.909090909,0.306852039,0.381450429,0.004929847,0,0,0,0.021284715,0.217662915,0.26584746,0.416894206,0.438950335,0.446102036,1
0.248555955,0.16574017,0.832859147,0.482802164,0.791369549,0.354540796,0.51681884,0.841129455,0.408514733,0.536166429,0.039126035,0.140022677,0.106912442,0.171112471,0.292175313,0.419980065,0.291615905,0.230200503,0.187656034,0.05347541,0.278515255,0.129616725,0.116293437,0.1802097,0.212758575,0.267587602,0.257975034,0.779220777,0.619548872,0.260356394,0.064875983,0.023552126,0.06136821,0.069405815,0.13597512,0.332773109,0.27483377,0.326174806,0.259646963,0.376298491,1
0.290077546,0.191198543,1,0.45185693,0.719441313,0.321585893,0.499931574,0.782590437,0.355260709,0.480255238,0.261820517,0.239428085,0.199950751,0.240689145,0.227429079,0.348606915,0.23986918,0.167738046,0.145853405,0.106367224,0.448463516,0.150065164,0.129461522,0.192590518,0.147678564,0.248343655,0.376787965,0.780707841,0.227601448,0.210359181,0.141515531,0.025170209,0.01311687,0.065932581,0.096877948,0.448777983,0.386085661,0.28312972,0.233087655,0.070409649,1
0.210594001,0.203815704,0.928267247,0.468694332,0.756884242,0.29625119,0.503198671,0.826445721,0.337847428,0.513266287,0.001121476,0.208702999,0.128051025,0.316077575,0.331249576,0.341599689,0.16586974,0.122540191,0.227029421,0.045837834,0.397003041,0.155244366,0.103175418,0.183137406,0.146918564,0.21741158,0.201410166,0.622191495,0.8244947,0.629905112,0.005440407,0,0,0.032840942,0.091147947,0.295235965,0.328799467,0.353854247,0.337244875,0.236138197,1
0.311916608,0.100944535,0.848293828,0.405079136,0.7958927,0.277604109,0.451774423,0.850416272,0.324633189,0.465991077,0.001121476,0.193795643,0.092481296,0.247202753,0.374396369,0.268613101,0.374453428,0.189380294,0.154380006,0.081880334,0.49638371,0.137994992,0.139286815,0.21802072,0.229885277,0.239902433,0.283805233,0.535776009,0.474084449,0.139342644,0.140740902,0.100298014,0.222138916,0.147784247,0.182295895,0.447071605,0.257811035,0.281990363,0.116100695,0.117501911,1
0.185380696,0.223543516,0.904484022,0.471156097,0.768463064,0.354961598,0.513769713,0.829946218,0.405017978,0.5408836,0,0.116166962,0.131660692,0.254175266,0.291960884,0.381503182,0.303225962,0.130214424,0.168069039,0.114496573,0.434669544,0.156820235,0.105525526,0.178389399,0.133674618,0.233682741,0.276447321,0.437710436,0.702729048,0.817434948,0.201375572,0,0.076369326,0.167944937,0.16190179,0.42726424,0.310113358,0.241943139,0.183099191,0.183147321,1
0.20381352,0.199830477,0.817060384,0.461340361,0.843387037,0.415266105,0.521626418,0.907826512,0.46693963,0.543274107,0.087635916,0.089444142,0.13516497,0.216591719,0.251119821,0.313527925,0.541320379,0.222800346,0.154380006,0.033823665,0.165114811,0.201242697,0.185715753,0.252904037,0.238181947,0.23240548,0.274650227,0.466643623,0.515309185,0.104302462,0.140740902,0.075223512,0.130669952,0.205255896,0.268082197,0.598907243,0.303446455,0.127206614,0.06081465,0.022592886,1
0.271514919,0.19709954,0.843792401,0.484224204,0.742146338,0.304218728,0.535984574,0.79163104,0.365726197,0.488375031,0.001959798,0.045588778,0.108777194,0.120516977,0.269061814,0.319947437,0.552234642,0.227118184,0.194400542,0.169471993,0.134876894,0.169975421,0.157762414,0.284474789,0.226894616,0.244551705,0.242643185,0.546159268,0.5252958,0.357053507,0.213635355,0.639011107,0.319685555,0.33477396,0.317002004,0.257963651,0.164810685,0.152532526,0.05635748,0.047699633,1
0.284788237,0.243181352,0.826927063,0.508250085,0.731093463,0.392436965,0.54616757,0.760323673,0.450962566,0.522491509,0.125167912,0.129726889,0.089421253,0.266672269,0.319420467,0.356853391,0.341172059,0.19388545,0.166833238,0.009000277,0.111040036,0.150107604,0.144654213,0.261400431,0.236595818,0.384191176,0.221302114,0.434491977,0.458397836,0.438472382,0.068613801,0.072734501,0.138980943,0.269911504,0.150342862,0.464903609,0.322461213,0.175901711,0.117604801,0.20456001,1
0.390648236,0.138472069,0.76103233,0.485756228,0.623015391,0.375349171,0.54304833,0.654261743,0.436862518,0.433790713,0.53333676,0.167809275,0.080080331,0.246517875,0.270210896,0.275297895,0.287651772,0.250802103,0.23232972,0.096418878,0.254119158,0.164752775,0.137259438,0.365901546,0.244961327,0.23783129,0.23421858,0.40679165,0.44296539,0.358582342,0.283938312,0.461878225,0.267441224,0.201645949,0.235933196,0.500670307,0.196628396,0.170161469,0.073549802,0.047981974,1
0.362203835,0.230727832,0.853225969,0.453382084,0.528644317,0.248605464,0.494879551,0.552482255,0.279262835,0.439885345,0.037421244,0.082251082,0.091585834,0.173324202,0.155127906,0.312703439,0.591934742,0.297080112,0.200420938,0.184630866,0.028611173,0.089885723,0.18026838,0.168409571,0.169052689,0.317126271,0.454613348,0.635727909,0.530732427,0.286364362,0,0.092232092,0.084113068,0.166099388,0.221870825,0.589528119,0.306141321,0.2122333,0.05592396,0.127872214,1
0.391458412,0.259925589,0.887801972,0.425257472,0.499810536,0.253177772,0.450228761,0.529504032,0.28650483,0.408410699,0.166993831,0.115312793,0.151328273,0.118681432,0.188303167,0.411139228,0.452097173,0.183114035,0.158052542,0.171633227,0.079009257,0.161226686,0.139666136,0.286697248,0.212529371,0.304453386,0.478012564,0.451203209,0.25909443,0.167426318,0.199437434,0,0.063173157,0.079385737,0.202185228,0.619871478,0.253821663,0.31487378,0.106913455,0.021022697,1
0.375950222,0.223315598,0.809141562,0.426035898,0.523894556,0.311973969,0.468870709,0.544882782,0.349525959,0.41155386,0.170910117,0.10278818,0.077081068,0.197388169,0.161963634,0.269853725,0.748615065,0.252381891,0.178902585,0.092274613,0.064493435,0.101945738,0.218503897,0.214754493,0.28286589,0.369231858,0.342678447,0.527749405,0.223339248,0.136717913,0.137700443,0.049397714,0.10296988,0.226442611,0.16900223,0.581625909,0.30373132,0.206731008,0.065349347,0.162112711,1
0.421314099,0.278021306,0.930234811,0.430250711,0.420093858,0.241744293,0.457131452,0.428457999,0.281266925,0.392701153,0.082882377,0.014361301,0.102800425,0.110658485,0.128136786,0.274350846,0.872341928,0.321958744,0.201216259,0.089933787,0.222267798,0.149557759,0.159033759,0.285647076,0.307472827,0.361116871,0.308688075,0.216450218,0.297860036,0.200438338,0.198479032,0.241560244,0.377650518,0.379655743,0.340906285,0.357558407,0.164924286,0.089988856,0.06923919,0.020854622,1
0.417807876,0.173109459,0.825968078,0.466355817,0.539692193,0.300327423,0.505738372,0.555693579,0.331543397,0.416795673,0.04060352,0.057027419,0.088445747,0.109425278,0.162383118,0.250749251,0.776071839,0.490079744,0.165013239,0.054706473,0.030438946,0.098980044,0.20721376,0.216847374,0.312791647,0.437358491,0.315198588,0.479338841,0.137990428,0.19871981,0.131884874,0.071941033,0.174955186,0.219855189,0.251256384,0.629243698,0.260632133,0.131508396,0.074022989,0.02052214,1
0.364595278,0.221469189,0.797013951,0.489456522,0.547755629,0.291936582,0.520605953,0.569176161,0.338906065,0.432843984,0.216424458,0.16335979,0.127565982,0.200300621,0.225507249,0.485658881,0.393731618,0.210858586,0.027140335,0.009704318,0.18092537,0.194752402,0.133619983,0.234570475,0.29493872,0.343553459,0.300970874,0.482093664,0.246411481,0.103771553,0.476942118,0.099918099,0.208279984,0.212657548,0.25104273,0.411764707,0.226484699,0.154197448,0.143199233,0.211512181,1
0.275827601,0.353584158,0.642334485,0.510705108,0.567601008,0.29684652,0.553158438,0.595489177,0.344400856,0.471544597,0.096042179,0.253968254,0.060598146,0.136656028,0.196893112,0.364875387,0.47785858,0.28467931,0.183719194,0.113691124,0.035826058,0.085711464,0.131830616,0.204286298,0.16865114,0.215529754,0.565386581,0.8465219,0.41700405,0.29993163,0.081855063,0.106795054,0.125220961,0.113646949,0.171268708,0.332324023,0.275219418,0.318985381,0.211922379,0.126723842,1
0.323399427,0.285555345,0.662206341,0.467727882,0.562094573,0.307397518,0.510016735,0.590972871,0.356615256,0.44210476,0.135624395,0.214409722,0.182711693,0.090470678,0.182715782,0.351424806,0.417433074,0.343338816,0.167930825,0.084508433,0.204129488,0.171303354,0.127195946,0.170226491,0.22055152,0.385097288,0.413834951,0.532670455,0.211759869,0.144133292,0.146290338,0.206081081,0.201364436,0.202433628,0.187280548,0.450630252,0.265159446,0.22768217,0.102235991,0.121394665,1
0.330835498,0.299257589,0.636555133,0.495897403,0.539251861,0.362847594,0.531850721,0.550316311,0.415450839,0.43967646,0.004489874,0.032136351,0.13035431,0.180303846,0.199636703,0.460352457,0.484002608,0.192119642,0.185978035,0.01166639,0.304274904,0.130147941,0.100088613,0.272597383,0.24290833,0.36363285,0.246697436,0.6147541,0.244391716,0.379597621,0.229462544,0.054054052,0.098591551,0.203539823,0.127141278,0.25458052,0.300599436,0.340985808,0.178773319,0.256461953,1
0.15475862,0.198201941,0.607773903,0.532581854,0.81187758,0.383150222,0.574249704,0.860607804,0.420912293,0.522325198,0.006691073,0.100960556,0.088328948,0.113854263,0.17551373,0.375189423,0.496112326,0.226338379,0.297262385,0.162060717,0.431622775,0.116821941,0.093167846,0.216561011,0.210015995,0.245404486,0.28934539,0.780335545,0.535125366,0.161900692,0.166871892,0.141514903,0.117995527,0.055604087,0.187611515,0.542720092,0.298136468,0.233068829,0.12480884,0.216178785,1
0.290383764,0.19833001,0.594041505,0.49002302,0.585627926,0.365583079,0.505970602,0.604051282,0.40289959,0.450668157,0.04887745,0.078412698,0.052387097,0.045751547,0.155309286,0.189001577,0.932665094,0.46877193,0.181514563,0.162711649,0.052615893,0.072585366,0.151956757,0.183486239,0.122360417,0.307584906,0.491184466,1,0.303578948,0.22217762,0.293630459,0.026378378,0.206197183,0.129557522,0.107168539,0.381579832,0.38380536,0.314959302,0.104689655,0.050021594,1
0.361381347,0.137291672,0.688031909,0.427475417,0.60174438,0.304719985,0.453000147,0.63191215,0.346458578,0.38073753,0.056363387,0,0.032397709,0.036934113,0.135154478,0.174044066,0.797444895,0.646844385,0.28949691,0.16358707,0.077206659,0.08510189,0.146835146,0.228364908,0.268962237,0.256064691,0.635817256,0.590318773,0.117338804,0.163612898,0.399920416,0.285480284,0.163648559,0.093475845,0.103774503,0.268907562,0.260401211,0.417749209,0.157361795,0.19125157,1
0.302442519,0.226263146,0.728447741,0.448957497,0.583113075,0.250589083,0.479847622,0.598811881,0.276156164,0.395560757,0.058542572,0,0.008278619,0.092488363,0.145898376,0.224021227,0.767024541,0.505589196,0.221926282,0.265388759,0.079292714,0.127131448,0.102056924,0.243565803,0.256757679,0.392594757,0.543345648,0.442477877,0.143921754,0.168025975,0.252693079,0.175077736,0.121650255,0.114652674,0.13102814,0.373020004,0.384419037,0.305129653,0.115807141,0.030361989,1
0.628522055,0.129268708,0.386366506,0.482203174,0.577302902,0.366168883,0.586490739,0.600369015,0.411061403,0.356334056,0.004110804,0.047812621,0.060844479,0.088361358,0.039645416,0.192362885,0.401840636,0.166737983,1,0.191277625,0.266246088,0.073765616,0.049637443,0.923025284,0.142938859,0.152285626,0.313205462,0.480413895,0.176294394,0.076526718,0.082440687,0,0,0,0.063053804,0.090182415,0.569117159,0.278979182,0.295533128,0.381009495,1
0.267168211,0.18718579,0.585237019,0.474605652,0.659212775,0.318709781,0.516143871,0.691447216,0.358504148,0.452162733,0.097741088,0.128545406,0.099682708,0.163806507,0.07340455,0.303012518,0.72006976,0.324201899,0.225131307,0.102314266,0.375687787,0.130147941,0.122330527,0.225597835,0.2697365,0.379794309,0.43418749,0.372578241,0.066652287,0.152985332,0.083626347,0.027027029,0.140845072,0.150442478,0.104024682,0.327317813,0.344322991,0.442279448,0.077468439,0.103012725,1
0.296866172,0.200906978,0.578864709,0.452610018,0.5986223,0.306627115,0.488751246,0.61149288,0.347191123,0.395235659,0.009812428,0.053707327,0.085432316,0.143278996,0.121792025,0.164324572,0.804764434,0.508371386,0.163585584,0.231042525,0.161938258,0.12429001,0.086733309,0.314188764,0.286560254,0.315111572,0.483752272,0.539643005,0.099014659,0.174542818,0.506484691,0.150561519,0.219692586,0.088738028,0.109460777,0.273512144,0.26917937,0.401713019,0.172623733,0.117610254,1
0.378261207,0.152491613,0.518708266,0.431223641,0.601605773,0.326004479,0.4562538,0.611148164,0.381785682,0.345325815,0.014464498,0.117033877,0.074466378,0.091292083,0.102789306,0.12920397,0.865143961,0.670507113,0.178235039,0.127247261,0.156297455,0.225700764,0.108000538,0.23962755,0.436311407,0.304092745,0.299473505,0.384441427,0.107881647,0.147536122,0.026307646,0.131235717,0.136780884,0.128912958,0.147325172,0.253856767,0.208013178,0.374068542,0.260422028,0.254553379,1
0.308992002,0.180298036,0.53015019,0.467623412,0.626554398,0.286117087,0.496755078,0.661437362,0.323711753,0.397669814,0.061760594,0.035804885,0.076889084,0.069756608,0.158803135,0.191293975,0.930009889,0.387967635,0.272642638,0.072334831,0.500089687,0.110480009,0.167271381,0.314188764,0.206851594,0.477168949,0.307842354,0.1452885,0.074260994,0.090382395,0.181516392,0.210786127,0.204000258,0.157756496,0.218921554,0.51663405,0.384877086,0.149444787,0.026557497,0.003632747,1
0.358197023,0.241123026,0.572630002,0.440287637,0.55158276,0.31896275,0.46347228,0.561271606,0.351790597,0.397137828,0.005465296,0.016404329,0.093939803,0.10109591,0.109403368,0.186159634,0.884785276,0.527123248,0.209854979,0.117973103,0.037597074,0.075926115,0.164627389,0.278300257,0.230822556,0.45373806,0.453345249,0.418410041,0.181457827,0.156936036,0.086677322,0.110369786,0.057516649,0.126485726,0.153401345,0.371294962,0.379654,0.348465034,0.079089116,0.131797836,1
0.386608844,0.191137312,0.535777194,0.638593328,0.716601334,0.342018976,0.722382085,0.764543864,0.403800089,0.427304552,0.354065956,0.097528232,0.065158081,0.201438497,0.191505489,0.254088407,0.56492873,0.53932094,0.083176352,0.064367146,0.308005428,0.18808397,0.148500739,0.422200922,0.15405948,0.26485497,0.167705163,0.407055632,0.485467402,0.239233293,1,0.492133928,0.461635483,0.300796901,0.210464531,0.496676282,0.154935828,0.0268777,0.072339452,0.068276707,1
0.40545726,0.144673272,0.613568575,0.598816879,0.685072751,0.317624432,0.670145306,0.705587293,0.363122846,0.393704347,0.188862206,0.079606802,0.075978385,0.176074833,0.138324907,0.252112034,0.521150229,0.535399413,0.181854024,0.178237613,0.115592634,0.138170112,0.137741803,0.349275835,0.29116272,0.270232737,0.293332018,0.207660359,0.632914775,0.385157483,0.47967894,0.234325697,0.331450634,0.252100085,0.143158616,0.596851938,0.165073063,0.131079014,0.088569929,0.32357976,1
0.419516843,0.149652459,0.577090584,0.561059636,0.631750334,0.344836933,0.626900743,0.663406047,0.390067098,0.353935875,0.082199221,0.107121171,0.081790939,0.161056949,0.159773918,0.240479977,0.787517518,0.336209375,0.182715263,0.089364568,0.339981345,0.12395042,0.200177227,0.300797112,0.281660129,0.172388906,0.289458326,0.496770986,0.325855625,0.215933189,0.618359028,0.252252252,0.28169014,0.200589971,0.315926813,0.460669513,0.265984955,0.094703234,0.023836443,0.077437858,1
0.382274692,0.178352232,0.472465924,0.548157517,0.661377186,0.398190853,0.602426963,0.694524671,0.457671232,0.403441019,0.068855959,0.057375144,0.100393392,0,0.187256554,0.28479887,0.593618923,0.457338469,0.244660193,0.216966455,0.344161611,0.177037478,0.125748187,0.313269188,0.203254985,0.355867465,0.281884916,0.376940132,0.290885754,0.143957689,0.198161106,0.128675016,0.150875987,0.157996979,0.171964922,0.40040992,0.301319275,0.231699127,0.120577516,0.340422382,1
0.317347171,0.220079071,0.534891935,0.531235575,0.61014496,0.394977175,0.569984205,0.629093044,0.451921758,0.385022213,0.078252081,0.0829764,0.128690903,0.01563596,0.222485743,0.279158579,0.776335703,0.387542931,0.151641238,0.052639504,0.236451552,0.144018583,0.122036322,0.230571333,0.271061347,0.375561545,0.216571634,0.529100527,0.229462544,0.5980167,0.126065461,0.174460172,0.181831731,0.20564686,0.141757328,0.504735228,0.292473565,0.183480978,0.092318919,0.338328604,1
0.340751982,0.149014347,0.486163496,0.504458162,0.679367215,0.334598864,0.547465373,0.723889409,0.380953162,0.372661024,0.19863989,0.020744099,0.059395802,0.058232264,0.179599854,0.271346014,0.631210015,0.434048083,0.214825089,0.253257023,0.282548761,0.152019616,0.143572144,0.218435998,0.213335832,0.271238895,0.305748189,0.553150555,0.430242271,0.354218642,0.596753669,0.453596456,0.200014903,0.217071687,0.216366446,0.56342537,0.257193976,0.09886469,0.030772973,0.140224838,1
0.337430476,0.207899344,0.653959325,0.456858727,0.581297846,0.268330766,0.476960332,0.605541689,0.306575045,0.372362646,0.011026168,0,0.087428399,0.016332629,0.147976521,0.272076159,0.875346687,0.355959993,0.234370746,0.177712966,0.267901051,0.120127649,0.126799697,0.23578839,0.161922357,0.350114618,0.360039923,0.594732368,0.253320217,0.48090249,0.270351191,0.092447591,0.080294853,0.181622696,0.224036543,0.414670541,0.281955631,0.295991163,0.095123,0.062618774,1
0.389091199,0.175974042,0.586904346,0.477175881,0.564671673,0.380375,0.492748934,0.571212284,0.436371533,0.387082709,0.108881717,0.069391768,0.049671711,0.110299649,0.181763124,0.439627284,0.779161159,0.220385034,0.105679183,0.013729176,0.368420105,0.140513706,0.132073667,0.152228626,0.333997484,0.348973117,0.234384398,0.502815768,0.359804377,0.20880282,0.095241632,0.145898112,0.136856538,0.133761454,0.118549268,0.314122108,0.301808605,0.208634411,0.250915472,0.472150914,1
0.396163206,0.217515521,0.705112629,0.482650786,0.628035237,0.392273787,0.540912702,0.667188585,0.459996197,0.354840157,0.018058166,0.062232301,0.079194401,0.06888134,0.179599854,0.271346014,0.529622034,0.511556671,0.252735399,0.203102643,0.397791776,0.112014453,0.143572144,0.194165333,0.155610314,0.312967955,0.331227206,0.432900432,0.602339182,0.354218642,0.126065461,0.139568139,0.236381251,0.18279721,0.193983711,0.352140857,0.264249894,0.268097264,0.115398649,0.206259429,1
0.239687608,0.231122085,0.607374277,0.513333163,0.752384758,0.367395582,0.533947103,0.787453563,0.437211249,0.411881724,0.143353098,0.127846792,0.081346424,0.050476959,0.308537212,0.351424806,0.544607838,0.206998475,0.142781765,0.174663656,0.385390625,0.147932131,0.081110459,0.236836858,0.149398547,0.35361977,0.366399324,0.444664032,0.500858123,0.264649364,0.324573085,0.286721505,0.261481936,0.258176221,0.252900586,0.32553891,0.163012817,0.181014396,0.13433908,0.314283401,1
0.251208012,0.245087692,0.595450497,0.568652001,0.742238239,0.352304428,0.639222766,0.766460745,0.403407468,0.47876162,0.21409509,0.194265696,0.117988956,0.149612851,0.258533072,0.268284333,0.422935041,0.395922238,0.096824981,0.156562993,0.257631351,0.088551967,0.103895788,0.206628647,0.213179817,0.266445691,0.455523484,0.511875514,0.463963967,0.586815169,0.098078587,0.059410762,0.15480269,0.175077732,0.165148294,0.3697479,0.349493005,0.193044489,0.150642022,0.312450185,1
0.142549518,0.382849981,0.661947637,0.539403363,0.685642431,0.353366769,0.581230763,0.717802413,0.421289718,0.497512813,0.440835188,0.36987122,0.264759586,0.387298762,0.279612984,0.198195344,0.055772972,0.124379344,0.090126397,0.164619409,0.085657154,0.071329958,0.140795513,0.259650337,0.184527531,0.344117124,0.272577394,0.921955405,0.43470705,0.268429331,0.273488564,0.186639471,0.324209408,0.213892136,0.139680942,0.387188838,0.272137877,0.237218851,0.123454781,0.063444056,1
0.216961353,0.201425878,0.640823256,0.464633182,0.699748069,0.376373465,0.486801119,0.745108138,0.422656356,0.449830448,0.265341248,0.035321035,0.12641674,0.140546744,0.229324305,0.401309091,0.398224451,0.224355936,0.19364996,0.128096994,0.159519055,0.122610415,0.128341856,0.175634351,0.144377241,0.257564169,0.368757106,0.839475841,0.659317215,0.213211123,0.258367006,0.178232286,0.139322422,0.097265407,0.095277863,0.259822848,0.235358773,0.382963353,0.255436471,0.28434087,1
0.177683585,0.258310754,0.570890147,0.506346078,0.752529267,0.385833239,0.536190327,0.804375069,0.455388169,0.454040722,0.072202435,0.039403365,0.122224023,0.052345841,0.23442483,0.420059565,0.419209827,0.265009256,0.13201932,0.287449371,0.201820736,0.136781468,0.14999321,0.195933798,0.134202561,0.227884706,0.483973264,0.411146641,0.517587941,0.658782439,0.563639919,0.298248,0.241772242,0.162760705,0.141719836,0.334445336,0.230317668,0.334159042,0.116906371,0.100570908,1
0.254558578,0.246196979,0.673414651,0.47526472,0.701472532,0.405916342,0.518055338,0.732650649,0.481645693,0.437031625,0.065191131,0.092467806,0.132379793,0.121473713,0.14962019,0.386249685,0.43097764,0.317858325,0.180252793,0.224236877,0.352781767,0.135526922,0.089597144,0.173100225,0.163942395,0.316215734,0.477010442,0.600343055,0.357994043,0.22495968,0.189563952,0.311065781,0.226946585,0.183336115,0.146332415,0.376724275,0.221814541,0.326370745,0.130313382,0.063444056,1
0.306224674,0.20871942,0.577496566,0.4222604,0.642741659,0.429269949,0.463444401,0.666656048,0.492480614,0.402108673,0.011026168,0.036641446,0.096171239,0.07276278,0.238878574,0.313475453,0.644637532,0.328578457,0.167407676,0.162947889,0.166121003,0.190790973,0.133139682,0.267941353,0.263886119,0.340901075,0.326286181,0.424808836,0.227988197,0.222522125,0.104070671,0.277342765,0.128471766,0.121081796,0.144964821,0.155501453,0.244565862,0.404691099,0.203834998,0.354220109,1
0.28366451,0.248107004,0.65748725,0.439919055,0.67040761,0.344111629,0.469601517,0.702958683,0.401401576,0.411864985,0.063693555,0.018235512,0.069617404,0.165763168,0.154706091,0.428687442,0.501204398,0.245287637,0.18884624,0.206212992,0.124746231,0.14770278,0.119899434,0.202688287,0.181224334,0.320974112,0.358365318,0.613107823,0.60514076,0.22132036,0.268804389,0.337397866,0.223779888,0.200864376,0.065586621,0.340512018,0.342619805,0.314824059,0.087917669,0.09123639,1
0.303260976,0.261742488,0.585459425,0.424643946,0.663008179,0.352973721,0.452047784,0.676989916,0.383236363,0.411351019,0.009576305,0.035642135,0.085043987,0.060023245,0.24638488,0.431965252,0.489316671,0.319617225,0.206266548,0.071941341,0.062120298,0.103104213,0.117174447,0.208507089,0.20567408,0.376415095,0.393998235,0.619834709,0.517464114,0.25736433,0.180408554,0.209828011,0.156209985,0.157039421,0.083324821,0.363025211,0.352769587,0.346944258,0.079310345,0.202057226,1
0.235674942,0.317707484,0.613217873,0.453944248,0.657603797,0.352174127,0.49654746,0.691498521,0.385168374,0.425393912,0.068317161,0,0.090823676,0.156038343,0.312129743,0.376512242,0.337647519,0.199114291,0.278254311,0.123813274,0.046356519,0.014681506,0.079034374,0.211543601,0.212607256,0.287140502,0.327269299,0.860547218,1,0.41149935,0.110528176,0.096037787,0.083413101,0.146748002,0.123213702,0.333850045,0.448697057,0.294012402,0.119992189,0.005430937,1
0.230261236,0.224095735,0.581219146,0.419954445,0.698988884,0.361782735,0.456535124,0.756692194,0.429262189,0.41811262,0.066731712,0,0,0.037392685,0.159901072,0.35672352,0.699953763,0.364475783,0.217122683,0.288133113,0.024602907,0.057883067,0.181766456,0.219481147,0.187925556,0.226415095,0.276489989,0.695954764,0.907831783,0.537358809,0.193177937,0.22087159,0.263090505,0.216962358,0.141685931,0.339672711,0.269820355,0.254773604,0.146098004,0.124427093,1
0.002632153,0.699229011,0.4520086,0.775333361,0.829428047,0.407140588,0.837225713,0.85435669,0.443176738,0.827051914,0.797469319,0.607626076,0.61445066,0.305007903,0.063475627,0.091253413,0.069236226,0.194600893,0.052878586,0.020745515,0.191885251,0.083700838,0.065084273,0.194657911,0.253764993,0.312852469,0.328735714,0.519959745,0.780151487,0.61025158,0.266056128,0.292011571,0.164856297,0.183260948,0.197727932,0.761325933,0.328612359,0.053221287,0.016096196,0.021192014,2
0,0.850866178,0.67161865,0.779809613,0.788662857,0.487136904,0.838093521,0.811062346,0.514975649,0.867928303,0.222437484,0.212747632,0.290072519,0.658790626,0.218795563,0.068128475,0.095088724,0.102203183,0.175886205,0.144977994,0.134876894,0.105501985,0.03681123,0.24891544,0.218437156,0.29804739,0.261308046,0.58139535,0.73541412,1,0.282596652,0.153362666,0.106561852,0.092062839,0.065586621,0.197772132,0.30437017,0.417383291,0.225429921,0.337944684,2
0.134034233,0.87097207,0.597977558,0.860786594,0.895149787,0.624946084,0.904539987,0.893395302,0.661534655,0.913287186,0.390436452,0.193795643,0.355697288,0.767590305,0.090860307,0.139482983,0.030290342,0.133680207,0.081730591,0.0938945,0.231368593,0.086246871,0.05674648,0.22674155,0.163511907,0.44232011,0.302115249,0.31109575,0.762657598,0.770065813,0.073090663,0.125372522,0.091468967,0.106733067,0.032169863,0.118094386,0.252740431,0.436774113,0.420173943,0.117501911,2
0.262500497,0.839335499,0.635075451,0.804786013,0.79368413,0.474237998,0.84434208,0.814643642,0.495027609,0.817131079,0.35167133,0.211111112,0.467741935,0.684234108,0.073506762,0.158334253,0.030892025,0.146491228,0.064301718,0.034378165,0.385026395,0.075609756,0.104365904,0.264643612,0.132431301,0.424673439,0.240776699,0.524475523,0.583805671,0.354031105,0.143082652,0.177546778,0.105742146,0.107964602,0.141011236,0.42663219,0.496850928,0.195966317,0.044739169,0.167146636,2
0.353789254,0.874451156,0.498377187,0.781474154,0.670941052,0.428811057,0.783219135,0.690097266,0.46633016,0.763171694,0.420329655,0.207188022,0.494361394,0.669255474,0.178030858,0.030299795,0.045043822,0.095278847,0.09708738,0.062833484,0.159997651,0.147531232,0.110305427,0.270381144,0.19615897,0.360676484,0.293630122,0.572801182,0.39666239,0.376219931,0.082440687,0.080421886,0.11175999,0.131664149,0.177697086,0.468948555,0.504065041,0.208059101,0,0.02587226,2
0.324701341,0.95052234,0.42241554,0.874454537,0.713065437,0.403660876,0.894921353,0.710254312,0.456747551,0.789951423,0.468027869,0.492277029,0.62924924,0.446517636,0.075519839,0.028630985,0.064243652,0.144520493,0.085680699,0.084951221,0.100123717,0.054249152,0.146018664,0.215987165,0.260914082,0.450926476,0.31311768,0.509580105,0.559122019,0.129443403,0.416499087,0.177433041,0.154108506,0.106512163,0.189701214,0.397934958,0.294055609,0.368132825,0.045641978,0.059088173,2
0.363004464,0.925470794,0.547480998,0.92276641,0.72129967,0.366615774,0.948458668,0.716050947,0.427405649,0.791367911,0.609390384,0.466331024,0.90663635,0.145019889,0.080867846,0.034318982,0.062726482,0.090347012,0.115734999,0.069283983,0.078868152,0.066616524,0.101607334,0.242492826,0.188109527,0.469038319,0.434883024,0.38045655,0.525388364,0.370113844,0.172926923,0.14525539,0.166532234,0.171221395,0.173934565,0.430015177,0.271057144,0.271689304,0.128107752,0.112589222,2
0.474268169,0.74554107,0.668961998,0.765812002,0.576867299,0.363038218,0.775466446,0.588763086,0.385282063,0.613824888,0.369688642,0.425770307,0.609546051,0.533055776,0.083776088,0.009006439,0.077434031,0.106056998,0.097263103,0.100146217,0.061761914,0.095795166,0.171896784,0.249076342,0.283494536,0.374711859,0.522953916,0.287947345,0.147177898,0.256037528,0.018297023,0.238718357,0.077751576,0.146558283,0.108470182,0.501920225,0.532151268,0.161099953,0.032896447,0.059847901,2
0.774183577,0.527302591,0.62784185,0.570610819,0.518678083,0.224383004,0.680809067,0.512933423,0.237986368,0.396341599,0.570060593,0.545020998,0.327209604,0.275034084,0.18456154,0.114709337,0.211842333,0.249626309,0.107100874,0.084951221,0.783830044,0.196653177,0.194691553,0.452544534,0.280483809,0.132625434,0.118768775,0.101916023,0.121548267,0.253419634,0.177144627,0.059144347,0.107875957,0.067780469,0.094850607,0.268606097,0.341896627,0.446367532,0.143446215,0.25497104,2
0.152605394,0.975715466,0.687201441,0.925764652,0.754429372,0.427204428,0.958430661,0.794892243,0.458055713,0.890350308,0.66595442,0.130145558,0.706464997,0.475578837,0.108277595,0.012915435,0.080575454,0.194511173,0.109011805,0.01198879,0.127520603,0.100394696,0.106964225,0.285507633,0.219419765,0.253620919,0.389638641,0.829875518,0.472373879,0.078858357,0.011615962,0.027363466,0.142598329,0.107516616,0.117021773,0.570731197,0.514749603,0.164457474,0.048266324,0.026924831,2
0.130129077,0.924051545,0.736969805,0.855391292,0.7639954,0.550015395,0.813161772,0.770883565,0.568772492,0.854774125,0.34188615,0.198513159,0.292092009,0.994137777,0.083188033,0.013432469,0.08230425,0.061810644,0.110851665,0.119088767,0.111580639,0.063805702,0.091595393,0.319358959,0.26083151,0.424289467,0.203187088,0.613732259,0.663335555,0.158562989,0.388220921,0.278252938,0.05800202,0.091109369,0.083297777,0.299542602,0.53487559,0.277931839,0.092026771,0.001468616,2
0.06140536,0.826278174,0.635378304,0.849782221,0.780621308,0.481496413,0.870301326,0.79362296,0.528530627,0.861746918,0.266533021,0.227943891,0.420605152,0.807010907,0.067996807,0.039512684,0.063194823,0.124915001,0.120343193,0.108236995,0.168645779,0.111363207,0.089398701,0.3111443,0.193064778,0.39739652,0.242643185,0.704721636,0.504283968,0.142738009,0.213635355,0.153362666,0.213123704,0.150648282,0.09291438,0.42134063,0.552475919,0.135627158,0.050721732,0.047699633,2
0.295785943,0.767939661,0.704709954,0.830055642,0.615073852,0.348413462,0.805730858,0.6049898,0.371591667,0.739863996,0.582464575,0.41512605,0.572296015,0.596198533,0.050034015,0.022814528,0.064195416,0.103405574,0.121758994,0.035331328,0.102498492,0.088952654,0.053206147,0.26083828,0.195950263,0.533518313,0.24549781,0.481283423,0.57399381,0.542373377,0.147107988,0.206889242,0.10781552,0.220163109,0.248843357,0.635096392,0.328998314,0.057597282,0.051318459,0.097496577,2
0.498540375,0.712389064,0.742349856,0.842709148,0.482279165,0.357125268,0.845831464,0.481304407,0.369583934,0.680142072,0.303922012,0.238517714,0.497976205,0.759937545,0.066204998,0.027195926,0.082436265,0.133680207,0.063568239,0.105908669,0.03260725,0.057497914,0.098016648,0.252904037,0.196698591,0.479804865,0.384510316,0.725890077,0.371022616,0.174382817,0.140740902,0.300894048,0.117602955,0.369460615,0.391400008,0.657954437,0.085410556,0.044286747,0.04975744,0.070047395,2
0.466684181,0.650345457,0.566270917,0.721228436,0.44490625,0.299252633,0.75364237,0.429993509,0.318062227,0.570309887,0.337085875,0.261375662,0.491129032,0.695845697,0.048047388,0.056109843,0.081002251,0.134283625,0.139320388,0.064760146,0.128123116,0.100813009,0.19786036,0.286697248,0.584222273,0.386124214,0.210679611,0.113636364,0.090350879,0.079336341,0.16019035,0.137387385,0.057276996,0.116961653,0.076381087,0.499159664,0.383583098,0.371175286,0.06664272,0.027140607,2
0.455205974,0.751137127,0.574612482,0.831655493,0.50198316,0.277581933,0.857833996,0.495864586,0.304470402,0.680685676,0.182699214,0.201455548,0.266224659,0.919586785,0.108304183,0.046480007,0.097399877,0.115803343,0.1132814,0.123146386,0.051789424,0.053793503,0.069714774,0.253834718,0.189287336,0.342904019,0.609079397,0.628817823,0.471395883,0.182692742,0.500383507,0.208524728,0.230919112,0.204834027,0.261957632,0.71903544,0.231536095,0.081169154,0.011494252,0.024468555,2
0.944245341,0.414921734,0.837080405,0.431687299,0.361885118,0.299174179,0.468710461,0.351688177,0.28709298,0.290125756,0.517371568,0.27315899,0.230037018,0.147309167,0.272718478,0.296960981,0.169246401,0.324201899,0.107671494,0.089364568,0.179302351,0.105357857,0.539366416,0.347796661,0.251851052,0.161614599,0.157886359,0.07451565,0.133304574,0.039679188,0.375298723,0.324324326,0.478873238,1,0.225386812,0.136382422,0.054654443,0.007312644,0.029795553,0.077437858,2
0.96426188,0.36336163,0.736851173,0.249747205,0.246554023,0.19000384,0.163971409,0.188090922,0.151040014,0.175064854,0.229816014,0.093720355,0.096902712,0.045334579,0.083542297,1,0,0.081708254,0.047576684,0.099063944,0.069693531,0.090370226,1,0.100515369,0.02603838,0.078553709,0.06714888,0.054328141,0.021597821,0.147718783,0.008674692,0.078819854,0.068458561,0.154849627,1,0.203287689,0.047512348,0.012440233,0.023171681,0.049723253,2
0.866786908,0.389650642,0.936004652,0.475459275,0.279904983,0.268714095,0.523517139,0.289421401,0.310018166,0.296322052,0.468652561,0.240038873,0.381830152,0.368272509,0.34428167,0.036522626,0.101293931,0.251127821,0.136477115,0.063148041,0.089599023,0.16047785,0.271351351,0.374461711,0.375297136,0.265575665,0.245690508,0.148423005,0.154887221,0.076985432,0.155651571,0.242250415,0.673296922,0.669821204,0.207200184,0.199211112,0.076159293,0.096227299,0.059347878,0.127961275,2
0.969728233,0.392154365,0.971706087,0.34241495,0.403864587,0.41526266,0.383569835,0.411419404,0.451326977,0.275278159,0.244670527,0.214152328,0.259419896,0.26244396,0.396047461,0.155995787,0.404557838,0.17234262,0.050175409,0.012319316,0.220859852,0.158844026,0.216625029,0.587849819,0.204507223,0.173973363,0.141633351,0.324675323,0.364440515,0.157746094,0.31157198,0.055416759,0.043318736,0.136089834,0.278467567,0.559282535,0.330866056,0.130086743,0.073312083,0.211114913,2
0.930787688,0.456633536,0.789749677,0.446822841,0.408622439,0.352258139,0.516629917,0.426769651,0.380376846,0.322918386,0.481475705,0.492129908,0.391415845,0.151623324,0.346800991,0.099665711,0.288009015,0.220656245,0.019986189,0.01220822,0.420358192,0.265741403,0.317901164,0.268703697,0.13952446,0.25574327,0.191412439,0.133130468,0.181457827,0.079818324,0.310008044,0.13796223,0.143791619,0.189728589,0.371703257,0.631201433,0.156462636,0.111224012,0.066921561,0.105687922,2
0.06832251,1,0.997720995,0.867144855,0.802342966,1,0.863400495,0.824412314,1,1,0.879050378,1,0.780201123,0.079616644,0,0.036083424,0.022563456,0.118616379,0.07735545,0.100898712,0.124007962,0.079589217,0.126337674,0.241429261,0.150982925,0.399129174,0.233953068,0.64409275,0.724270192,0.411861586,0.297952406,0.453878981,0.180874722,0.148615241,0.279738889,0.871227844,0.113247547,0.05999788,0.035320396,0.151988087,2
0.845850082,0.427599746,0.634460594,0.383617679,0.508281403,0.323197702,0.336904656,0.441283781,0.203717514,0.322405501,0.233105754,0.142281107,0.196149844,0.127751837,1,0.04777434,0.077684258,0.035441426,0.019260883,0.011248659,0.246395911,1,0.09847428,0.147972773,0.123768175,0.015900791,0.038834951,0.054985336,0.043718166,0.112779926,0.081274154,0.026591107,0.027714675,0.008706823,0.028429684,0.152073732,1,0.083138717,0.064492956,0.075787862,2
0.19867024,0.88384382,0.461742596,0.933588837,0.684590402,0.340894073,0.91840249,0.709426363,0.379373361,0.80897732,0.742460709,0.422482212,1,0.12327425,0.043622008,0.026832929,0.049080855,0.101028434,0.082356881,0.081103557,0.15190689,0.130361649,0.093569431,0.2471528,0.145309295,0.441932336,0.217944425,0.568181818,0.700998188,0.321642177,0.244549034,0.54007456,0.651772703,0.530515715,0.346450019,0.15299913,0.086787486,0.064945231,0.012534681,0.055831496,2
0.064412309,0.970352544,0.274694798,0.980959381,0.776313992,0.403701575,0.99001248,0.793703298,0.445499231,0.934019688,0.424120354,0.417772573,0.544420942,0.592737327,0.053473157,0.042796464,0.056833472,0.048029912,0.127248131,0.141163355,0.107889468,0.105357857,0.094528134,0.253797564,0.251851052,0.387875038,0.296036926,0.6147541,0.444348577,0.379597621,0.156544446,0.351351355,0.239436619,0.309734513,0.283178301,0.645543464,0.180359662,0.03114644,0.047672884,0.103012725,2
0.20508787,0.921187359,0.646499881,0.945219685,0.865410155,0.479382474,0.966221564,0.915245019,0.510427798,0.918922536,0.484967665,0.242201386,0.606800348,0.578310118,0.073891933,0.07349808,0.073456696,0.067872383,0.101435693,0.071164996,0.235205683,0.128449007,0.172868621,0.265665404,0.141568973,0.39586217,0.316077519,0.579150577,0.293029872,0.070885777,0.075180246,0.203694043,0.14595682,0.075033315,0.081666739,0.42827942,0.411279959,0.331507503,0.084209826,0.095606874,2
0.21793514,0.89561314,0.541290897,0.891418031,0.762812359,0.428048899,0.878289079,0.795147052,0.466739068,0.852570249,0.229816014,0.281161068,0.544145996,0.767011013,0.006040148,0.046991552,0.076494538,0.05836304,0.085638031,0.136829592,0.087048851,0.186765134,0.145945946,0.274132826,0.312918095,0.282793356,0.422078676,0.416515755,0.215978191,0.037572565,0.008674692,0.052546567,0.095841983,0.077424815,0.089887641,0.327028023,0.376919684,0.29626183,0.22013097,0.323201157,2
0.225871534,0.945178491,0.43405501,0.933854032,0.727973495,0.439015383,0.935687768,0.735920587,0.500896416,0.830115797,0.412930203,0.261375662,0.740071685,0.495696312,0.03859105,0.047906649,0.039097208,0.104171541,0.106148866,0.09811281,0.060360224,0.067208671,0.120600601,0.295616718,0.229037172,0.508259959,0.149816612,0.585858586,0.554152047,0.332764416,0.333168265,0.293093091,0.152738652,0.259115044,0.256953807,0.492997198,0.291344618,0.132095814,0.032311622,0.05834195,2
0.463911192,0.744284124,0.569067028,0.749355368,0.493572398,0.298414772,0.754819359,0.491874581,0.335762426,0.630629046,0.474984644,0.25921553,0.664889363,0.514954418,0.094324275,0.024991944,0.068817989,0.121067131,0.078953702,0.103277467,0.144923836,0.062487402,0.185012284,0.322238229,0.272397145,0.472555746,0.328331861,0.206611568,0.268812529,0.192626874,0.23187306,0.109001566,0.127808172,0.107072333,0.163153496,0.430863254,0.30868468,0.247817328,0.198275861,0.052497071,2
0.313060393,0.813588298,0.285502717,0.787225157,0.62015409,0.348219231,0.774810948,0.626490372,0.380076644,0.723412195,0.479293982,0.179695766,0.553494623,0.670687255,0.108838136,0.049957447,0.023859012,0.134283625,0.07961165,0.064760146,0.019218465,0.088211382,0.163941441,0.258027523,0.375111589,0.34504717,0.250809062,0.340909091,0.587280701,0.348123697,0.011923568,0.02747748,0.100234743,0.04498525,0.064630149,0.203361345,0.294678539,0.340886501,0.369564177,0.443158514,2
0.635082534,0.600316965,0.667773216,0.754418813,0.771242392,0.299054476,0.796173506,0.849448505,0.291744008,0.585416128,0.190992302,0.112477233,0.406398731,0.271039211,0.511895192,0.194084867,0.023109593,0.072044867,0.039153272,0.102314266,0.536366781,0.099160335,0.394793975,0.187998195,0.081939308,0.137372409,0.335508514,0.223546945,0.355478859,0.417366339,0.083626347,0.162162163,0.084507042,0.362831859,0.606810646,0.418239426,0.120239775,0.013271092,0.047672884,0.000713244,2
0.223523511,0.8620316,0.347894896,0.838294942,0.727431157,0.447019612,0.85074763,0.756211748,0.472708975,0.818060907,0.503943391,0.282285714,0.411612903,0.713959776,0.1293719,0.047250394,0.065916436,0.082035088,0.124194175,0.06160042,0.331411799,0.084682927,0.130248649,0.357798165,0.24455379,0.315471698,0.231145631,0.4,0.563789475,0.22217762,0.222462401,0.026378378,0.096225352,0.043185841,0.067685393,0.283966386,0.282454161,0.477791807,0.232643678,0.199788039,2
0.157033477,0.846268114,0.305235676,0.864207083,0.769408466,0.470515609,0.850650127,0.80760428,0.470701733,0.820798901,0.479293982,0.228703702,0.343010752,0.813251761,0.142610775,0.037652658,0.0924309,0.061038011,0.119417476,0.064760146,0.037369241,0.088211382,0.12436937,0.305810397,0.156909138,0.402555032,0.150485437,0.397727273,0.948684213,0.693707436,0.08605695,0.02747748,0.100234743,0.089970502,0.088132022,0.480672269,0.644740245,0.159153794,0.030292145,0.001139492,2
0.286843676,0.800557018,0.444210732,0.867473386,0.596255643,0.405612426,0.86225644,0.61519919,0.444327512,0.707345243,0.268136491,0.160389611,0.263636364,0.855944877,0.194804851,0.022551324,0.077885346,0.093221691,0.141129744,0.129390902,0.101721989,0.082483371,0.117174447,0.260633862,0.126327735,0.304716982,0.623830538,0.599173555,0.295693783,0.299253263,0.261281338,0.089926292,0.156209985,0.117779567,0.102553626,0.252100841,0.383077958,0.340335795,0.178448276,0.088597798,2
0.173149403,0.709637834,0.614252877,0.871816876,0.706354992,0.313781679,0.88810394,0.721296244,0.349876178,0.758725392,0.454464003,0.34227765,0.541986687,0.572050186,0.121703903,0.035015918,0.07610426,0.093010304,0.094775775,0.086075758,0.069349179,0.096012388,0.064607465,0.209334498,0.233539762,0.367737348,0.305748189,0.505050505,0.838972434,0.585826791,0.149599866,0.209352211,0.136373799,0.11139205,0.151083467,0.334533814,0.343628966,0.341174966,0.121168582,0.049427283,2
0.43447227,0.856777269,0.296996142,0.878507728,0.646299031,0.511829426,0.861358904,0.643538145,0.530025195,0.833593226,0.414591023,0.157397751,0.266305627,0.962121182,0.092075076,0.06850445,0.06823887,0.117620693,0.061016228,0.112617307,0.07830785,0.066227523,0.113888341,0.259492399,0.234487808,0.474934582,0.298774005,0.680159255,0.395697275,0.132309029,0.197527604,0.120339316,0.062712038,0.063045022,0.030878373,0.097160031,0.203218783,0.333679097,0.419225606,1,2
0.438358429,0.875120906,0.216692706,0.849293978,0.585146496,0.384391441,0.81337159,0.58663915,0.423882016,0.80136702,0.383955972,0.308364542,0.644678022,0.596908003,0.089105809,0.009932316,0.039782071,0.131677508,0.080506163,0.056772075,0.080808737,0.084954782,0.132118635,0.206164312,0.28286589,0.457847503,0.234464201,0.442628532,0.670017745,0.240263602,0.00442692,0.049397714,0.051484938,0.056610652,0.047531877,0.240959304,0.208833193,0.359195901,0.364867192,0.793151103,2
0.433173883,0.874665069,0.184469332,0.822693121,0.560406116,0.459255134,0.80574987,0.559984918,0.484928437,0.802899787,0.253910879,0.16032336,0.32689771,0.958653217,0.100300815,0.031683234,0.069913488,0.119806952,0.079907604,0.091482735,0.112468917,0.101187777,0.085742992,0.161999931,0.231704991,0.403135303,0.34908146,0.574518418,0.564273136,0.512279539,0.0700728,0.098060883,0.076653229,0.080271079,0.031452321,0.272156446,0.370796871,0.259118043,0.335127974,0.39270281,2
0.398487188,0.922542306,0.01808632,0.892751495,0.633291237,0.460205725,0.871961322,0.639018768,0.502246514,0.850797578,0.619297317,0.227943891,0.485871467,0.744602368,0.067996807,0.010896893,0.041932222,0.158982729,0.074057349,0.108236995,0.084223568,0.087918321,0.099916195,0.213356092,0.1676924,0.481461169,0.251975616,0.334742777,0.73541412,0.821403752,0.006751465,0.102241777,0.066601157,0.058585443,0.065586621,0.120383037,0.273356951,0.304680839,0.377595116,0.845873522,2
0.407241523,0.927419676,0.28986536,0.91080476,0.6218511,0.450873956,0.874128867,0.60894515,0.470833035,0.863862793,0.212565351,0.263326225,0.314155032,1,0.046333552,0.031867571,0.04978669,0.163982717,0.071294015,0.068297153,0.015425769,0.022570076,0.086062929,0.23962755,0.3467507,0.514995777,0.323431386,0.508819541,0.465239595,0.273619741,0.004178277,0.024606694,0.076939248,0.016114121,0.057877746,0.13244701,0.307533209,0.395767971,0.439462172,0.207984214,2
0.249084792,0.916694843,0.203300582,0.876837979,0.771604716,0.37022032,0.838671285,0.769829499,0.401226958,0.876090444,0.655283329,0.375539744,0.587813619,0.558004423,0.116601961,0.010567976,0.051708129,0.06735229,0.091507644,0.070510604,0.166510964,0.104289318,0.145552448,0.333930894,0.591537488,0.105761585,0.239854182,0.626959245,0.228473484,0.034759126,0.142296084,0.101066581,0.039501376,0.041365748,0.075638211,0.212498793,0.326293306,0.289848158,0.373254943,0.429410796,2
0.308744181,0.983165927,0.173709047,0.923102874,0.786890225,0.382434092,0.907095754,0.812905119,0.415426042,0.908902468,0.134932717,0.320363163,0.429521776,0.755560288,0.144056296,0.016753667,0.052853091,0.114000956,0.055759134,0.145597493,0.135468177,0.100028471,0.163655484,0.294506122,0.321374638,0.314551061,0.131162404,0.336045277,0.653901291,0.609589995,0.214708676,0.076979705,0.080232369,0.07561723,0.098762734,0.345289866,0.331541933,0.311587701,0.282883849,0.047981974,2
0.183978204,0.969417891,0.040739347,0.904102154,0.761050271,0.414568075,0.881286268,0.775836664,0.447564665,0.908145901,0.412930203,0.250920635,0.366709677,0.874973807,0.090465822,0,0.065916436,0.093754386,0.124194175,0.099517131,0.174589102,0.108878049,0.119394595,0.220183486,0.375475261,0.315471698,0.125203883,0.381818182,0.693894738,0.701387072,0.080126284,0.131891892,0.054985915,0.060460177,0.050764045,0.141983193,0.303791256,0.303328409,0.319885057,0.923659194,2
0.403487528,0.953544659,0.027562074,1,0.764760311,0.332711003,1,0.772098656,0.383476281,0.890898206,0.27514131,0.328021249,0.357794628,0.839178655,0.070625271,0.023460479,0.032783375,0.116726077,0.123699378,0.149418142,0.034982883,0.072296181,0.059459459,0.30154611,0.425931318,0.40062392,0.143890457,0.470843895,0.58314112,0.625019028,0.079559199,0.183912996,0.150608831,0.051616542,0.101123595,0.362382404,0.249407168,0.232546778,0.243302651,0.770710461,2
0.545746481,0.769949197,0.228456918,0.858900926,0.576453161,0.286488694,0.834955393,0.567797295,0.320168992,0.701950342,0.137732226,0.309931612,0.36236134,0.88776583,0.095489267,0.023134951,0.086558472,0.092642673,0.094401167,0.073190244,0.103443802,0.07172467,0.101890823,0.262900243,0.310031774,0.436423299,0.333090295,0.592885377,0.34283337,0.109842418,0.078438498,0.104262367,0.027166953,0.110951764,0.128192033,0.438436243,0.294788351,0.36849359,0.166666667,0.098463837,2
0.321241806,0.97147331,0.048485421,0.908631655,0.63826357,0.442529042,0.876536356,0.655007477,0.481820863,0.851034267,0.386273623,0.196851962,0.313132677,0.96848321,0.075489423,0.025528063,0.081432619,0.147104162,0.049965471,0.091531881,0.219864272,0.158179405,0.11353613,0.239914014,0.477327417,0.181495224,0.141040744,0.608596423,0.589737945,0.118377185,0.012233736,0.16555468,0.086274974,0.108416336,0.112100983,0.43627158,0.362914648,0.318049518,0.146010677,0.027358192,2
0.600937308,0.74415772,0.355090964,0.824811314,0.489746916,0.286084537,0.768529921,0.477450113,0.32452285,0.627022675,0.247101091,0.299031475,0.412247129,0.862147266,0.076782751,0.026077813,0.082745603,0.062072555,0.060720751,0.119653688,0.075208994,0.07048367,0.103481447,0.262400872,0.437829385,0.434441957,0.306072075,0.462249614,0.206735057,0.237484832,0.013180058,0.055886393,0.043685842,0.128093596,0.131451152,0.347813702,0.328111927,0.309981674,0.258766803,0.028022001,2
0.321987093,0.93521482,0.116125173,0.928156354,0.69021198,0.405501833,0.846894179,0.704256478,0.409423001,0.841300793,0.574099394,0.245039682,0.491129032,0.813251761,0.054801916,0.006890683,0.069573602,0.097660818,0.059708738,0.077925672,0.001067692,0.044105692,0.090450451,0.344036697,0.366019822,0.402555032,0.250809062,0.587121214,0.451754385,0.309725501,0.011923568,0.054954953,0.057276996,0.02699115,0.041128278,0.25882353,0.383583098,0.534734722,0.193869731,0.001139492,2
0.358136167,0.937253617,0,0.893596164,0.699596846,0.356794824,0.889796169,0.715735366,0.408688263,0.819930705,0.439925636,0.249192897,0.570803718,0.6062987,0.124865829,0.032334486,0.024633836,0.136559618,0.091081125,0.079487682,0.112125824,0.147374948,0.120728356,0.242963768,0.456321117,0.258994244,0.173440842,0.693374423,0.413470115,0.081288788,0.013180058,0,0,0.009149542,0.029875262,0.178607037,0.203796228,0.36542555,0.449761348,0.953485562,2
0.632025191,0.721809493,0.415437423,0.859280978,0.458233049,0.283939386,0.785585567,0.4370207,0.325814279,0.642701014,0.27641042,0.141142857,0.344258064,0.858872403,0.181246672,0.047250394,0.054944934,0.058596491,0.143300971,0.036322613,0.052615893,0.054439024,0.097686486,0.19266055,0.331834771,0.473207548,0.452660194,0.327272727,0.36863158,0.406488948,0.008958226,0.052756757,0.082478873,0.103646018,0.129730337,0.372705882,0.319794077,0.245173943,0.250091954,0.324593411,2
0.776420787,0.210089686,0.799480702,0.503012515,0.466457886,0.231690977,0.573703543,0.475881571,0.260422079,0.311294069,0.131553557,0.209499578,0.107116473,0.033276033,0.041808474,0.083725173,0.344559085,0.424936387,0.510486919,0.697308327,0.149183559,0.09811953,0.108747679,0.332656349,0.397528699,0.285971482,0.340028162,0.537820959,0.248292489,0.104837435,0.209423985,0.025170209,0.157402431,0.222522461,0.339072819,0.575790622,0.248656856,0.111107922,0.055497061,0.04659183,3
0.820506158,0.265410839,0.84028376,0.475674228,0.509636115,0.237921082,0.52839044,0.504494976,0.249612115,0.300550118,0.232000376,0.236182827,0.1127089,0.086587034,0.116976122,0.308432166,0.484860376,0.588318186,0.163060006,0.049215309,0.315316655,0.097169164,0.141669381,0.543458236,0.315850784,0.372167917,0.232073926,0.1460387,0.065313889,0.149193292,0.295059531,0,0.0966118,0.156093401,0.458711249,0.668219094,0.101538736,0.088577279,0.105110096,0.125506291,3
0.854390827,0.241115025,0.855639797,0.506961982,0.544130169,0.21762031,0.563088006,0.572137477,0.224955957,0.303278225,0.330869129,0.160681761,0.092014807,0.015330454,0.046829359,0.097260288,0.270418039,0.720448662,0.685182238,0.231811227,0.429247451,0.142542983,0.205737705,0.3853963,0.198194711,0.2424219,0.246697436,0.372578241,0.19995686,0.19075405,0.156544446,0.270270274,0.436619717,0.707964601,0.381423834,0.209119713,0.032792666,0.054980238,0.029795553,0.128587598,3
0.844600067,0.268267964,0.847854924,0.454743996,0.525739578,0.216304231,0.532882954,0.553083143,0.234505992,0.275560875,0.543786075,0.218747869,0.048179427,0.062025712,0.071151931,0.090014028,0.201812378,0.490399819,0.635526481,0.487526045,0.375534541,0.103841725,0.128105788,0.246092057,0.247475643,0.262328933,0.351347973,0.546234882,0.348994803,0.320107841,0.243232478,0.424544714,0.619476516,0.611644955,0.351015094,0.209470913,0.046303807,0.05211609,0.018721325,0.028702908,3
0.868219475,0.234108144,0.859247286,0.458871143,0.54196226,0.16132247,0.532310656,0.577827487,0.168391241,0.272649828,0.146688299,0.195218336,0.116450274,0.06636268,0.027559589,0.061930367,0.217150168,0.559219625,0.931555413,0.156208645,0.651708964,0.106669365,0.168890883,0.228406106,0.156041461,0.294527519,0.329694236,0.377216145,0.337409916,0.193574953,0.159267531,0.054726925,0.028519665,0.197113796,0.351065318,0.73642735,0.182740872,0.110163885,0.060332904,0.130497757,3
0.836993662,0.268212841,0.879015361,0.434610887,0.550977453,0.200440461,0.526862379,0.582025629,0.207745556,0.284238969,0.330869129,0.241022639,0.115018509,0.106065819,0.053473157,0.067002608,0.236694159,0.552343975,0.783065413,0.128213657,0.500660339,0.117752898,0.15013292,0.291397202,0.216080159,0.29090628,0.31577272,0.279433682,0.288826578,0.417366339,0.521134903,1,1,0.548672567,0.156037024,0.181843229,0,0.03114644,0.017877332,0.128587598,3
0.895069394,0.203828582,0.885623729,0.456181473,0.461955796,0.201952684,0.51999614,0.49131853,0.198321697,0.254359703,0.468652561,0.176028506,0.038183015,0.072532451,0.046531066,0.054603134,0.213248035,0.466380235,0.994333268,0.205013285,0.800813071,0.098755599,0.138444567,0.290207826,0.2417038,0.346053138,0.226035268,0.389610391,0.132760473,0.001756321,0.010410641,0.107666853,0.154297211,0.326097164,0.621600551,0.443697479,0.076159293,0.042820138,0.023739151,0.102490789,3
0.874548006,0.265371912,0.765569675,0.488411819,0.606570209,0.152075574,0.569406828,0.61531858,0.151647596,0.302372531,0.191951683,0.161342999,0.076994557,0.03220119,0.080485798,0.061274816,0.181320383,0.313479172,0.550401534,1,0.664131195,0.199136806,0.178667557,0.349227922,0.360856596,0.129823743,0.168444605,0.205761318,0.178470871,0.19168661,0.084226507,0.135691249,0.113139745,0.275465238,0.516460905,0.575163398,0.148219251,0.025359633,0.035901802,0.052178723,3
0.940562658,0.265719082,0.772433421,0.413002688,0.502623176,0.138056969,0.462585587,0.492180531,0.136508475,0.238353405,0.524336386,0.146413751,0.069870164,0.04965998,0.054465591,0.098691565,0.342343657,0.729416905,0.644160658,0.116875957,0.181746986,0.194514725,0.12948301,0.247439947,0.518203203,0.319071479,0.189823953,0.320633723,0.15745796,0.155336085,0.085441737,0.136817316,0.099818829,0.170234641,0.275001166,0.948150214,0.182740872,0.061902918,0.030166452,0.104604524,3
0.86966345,0.313695468,0.827903049,0.396844631,0.62742571,0.178269607,0.466148094,0.633224057,0.194549341,0.282812085,0.199920616,0.2836204,0.071654083,0.086690222,0.056526477,0.120513638,0.269939687,0.79790967,0.487833092,0.200897271,0.631710581,0.083653347,0.207843588,0.487995314,0.207784355,0.209755119,0.143441437,0.309477755,0.299888019,0.160217644,0.089211563,0.280621044,0.160863052,0.211334964,0.408032512,0.556981942,0.153637127,0.088651817,0.055685986,0.161018711,3
0.795334061,0.329018287,0.839286171,0.495054678,0.629910785,0.208231634,0.562211012,0.630502144,0.221363126,0.360393157,0.526696688,0.165873015,0.115136477,0.041726196,0.092211607,0.18105079,0.42122431,0.811336033,0.284764749,0.082989335,0.435290083,0.180300187,0.250478171,0.326393789,0.375810957,0.159252541,0.16669156,0.122377623,0.229352226,0.28314214,0.622098412,0.811642413,0.634452871,0.705922397,0.227787382,0.162120232,0.050618423,0.017029499,0.022369584,0.023140438,3
0.824408278,0.412622717,0.77842338,0.509112674,0.833627152,0.246741987,0.582104599,0.830158151,0.262163263,0.449101527,0.294950148,0.174250439,0.110872162,0.082725139,0.135856247,0.151813767,0.628307502,0.618518519,0.256526428,0.067685819,0.305597363,0.296838301,0.442202202,0.280326197,0.157919335,0.124143955,0.142682488,0.185185186,0.080311892,0.032405212,0.201375572,0.097697699,0.101825771,0.207931825,0.396920515,0.616246499,0.221208797,0.080402956,0.032311622,0.113811004,3
0.795714432,0.480121145,0.734045142,0.496768134,0.901334779,0.217319013,0.573226698,0.928242275,0.240561397,0.45039412,0.194877769,0.114351853,0.046774194,0.092043081,0.122347192,0.179157744,0.355289801,0.647002924,0.477669903,0.196415393,0.309630869,0.321341463,0.30527027,0.305810397,0.202367984,0.221816038,0.120388349,0.170454545,0.112938595,0.117734537,0.011923568,0.02747748,0.171830986,0.134955752,0.211516854,0.665546218,0.266895863,0.195500336,0.078759579,0.105143964,3
0.812576591,0.465284383,0.731263464,0.498308234,0.883249084,0.198834,0.578201983,0.915010064,0.228897634,0.444964048,0.096603878,0.079687701,0.060844479,0.063816537,0.105543245,0.144344192,0.390690735,0.547853374,0.543689319,0.358255011,0.319370308,0.129089828,0.441221709,0.279704633,0.231639044,0.192360792,0.166390401,0.240206945,0.154257598,0.076526718,0.010115436,0.160843772,0.069849993,0.122886538,0.137571938,0.658331624,0.200488493,0.237609134,0.183230539,0.228807828,3
0.770584546,0.483218008,0.661057532,0.541414924,1,0.248929292,0.641276878,1,0.27414794,0.511241106,0.364173141,0.28004535,0.126216077,0.092841761,0.083106602,0.158063818,0.446174764,0.755708717,0.227461858,0.111152948,0.000203369,0,0,0.018203,0.242198589,0.845013479,0.391739868,0.613275614,0.36570593,0.512687384,0.220203099,0.130845132,0.177285939,0.162803764,0.318953986,0.554621848,0.258957955,0.104633983,0.086548988,0.074190254,3
0.88668752,0.389749668,0.733535121,0.439786821,0.801761846,0.185807506,0.486819968,0.786629582,0.20246573,0.374842232,0.503943391,0.219555555,0.082322581,0.029650144,0.045075396,0.218533073,0.449919006,0.890666667,0.219728155,0.099517131,0.383686032,0.241951219,0.450443243,0.28440367,0.104904221,0.149849057,0.115572815,0.2,0.086736842,0.295902151,0.293630459,0.158270271,0.178704225,0.319575221,0.377910112,0.594554622,0.165100141,0.064895098,0.02908046,0.050021594,3
0.875944796,0.411525805,0.708239375,0.441830628,0.845594947,0.212512496,0.494242756,0.847429152,0.245947957,0.415202216,0.043402972,0.029478458,0.133640552,0.069722056,0.101728107,0.143261063,0.524657207,0.958250891,0.224468938,0.116432354,0.326826339,0.221712818,0.44375127,0.301786576,0.144672849,0.155660377,0.135776333,0.187969923,0.183419072,0.102721707,0.205339259,0.247917091,0.322990573,0.316587929,0.339275154,0.425349086,0.164538638,0.120119977,0.043730015,0.092436649,3
0.83882667,0.426605308,0.753731272,0.484839129,0.846984101,0.209349208,0.557803894,0.856340555,0.229150459,0.444730482,0.041824769,0.043401864,0.15188668,0.045068278,0.147221799,0.167534032,0.474088698,0.875704021,0.167448859,0.195638091,0.352630124,0.167401674,0.385499152,0.380852433,0.205454488,0.138237137,0.213233978,0.134183159,0.180034958,0.100164885,0.069096552,0.048668596,0.088768774,0.215132416,0.379845765,0.589413625,0.24003586,0.090774908,0.064384782,0.09027248,3
0.883845936,0.454157419,0.669054563,0.379098424,0.880783864,0.164174281,0.443829135,0.92212656,0.191196104,0.384985957,0.149875206,0.264684216,0.157887574,0.144907657,0.172108395,0.212801221,0.753556482,0.333777483,0.05038712,0.092424412,0.332147019,0.319028506,0.280510891,0.329036505,0.113521837,0.133110422,0.182868379,0.364403527,0.137241841,0.275215729,0.463292708,0.36172882,0.290010104,0.255106232,0.220144123,0.486756728,0.21977082,0.130705342,0.073621417,0.054129113,3
0.940133702,0.337006786,0.701164809,0.395295456,0.709572384,0.138015317,0.440698547,0.710421429,0.152000624,0.310417586,0.229816014,0.187440713,0.119264876,0.085427713,0.115834858,0.146998612,0.75401757,0.653666039,0.076122694,0.162006689,0.434155309,0.10241959,0.232432432,0.6305055,0.165131576,0.109975193,0.191853944,0.181093805,0.475152022,0.147718783,0.079559199,0.210186283,0.136917118,0.352713043,0.421348315,0.556831497,0.180337887,0.04140162,0.028964602,0,3
0.936672286,0.327260677,0.578907984,0.393726264,0.759532095,0.197664111,0.440734113,0.745032915,0.227962742,0.330690168,0.091707187,0.184500469,0.095382669,0.138413544,0.113606039,0.179157744,1,0.367664259,0.121758994,0.060113491,0.187913908,0.219416547,0.340519343,0.503687713,0.247292017,0.177839437,0.132191129,0.160427809,0.042518059,0.07256019,0.147107988,0.051722309,0.053907762,0.338712476,0.204604538,0.521997035,0.328998314,0.188729903,0.034212306,0.024081652,3
0.829469669,0.389293489,0.692881221,0.464758032,0.756625884,0.21749082,0.526626245,0.764505526,0.236782371,0.390661882,0.045714832,0.13623828,0.079461949,0.112053271,0.098928019,0.210323544,0.592379088,0.791844476,0.175207106,0.08336471,0.285663434,0.09341746,0.293352812,0.575608374,0.158418584,0.175092883,0.213817146,0.2983503,0.188376348,0.213211123,0.075180246,0.050923512,0.066344009,0.125055523,0.14700013,0.608156776,0.33919518,0.208013463,0.112279767,0.191981682,3
0.907233169,0.366370106,0.629352328,0.404327782,0.786138977,0.172810108,0.457182281,0.783922349,0.169899322,0.362715889,0.17333109,0.222763348,0.14882698,0.116439146,0.127259576,0.222783819,0.684642656,0.377325891,0.18093557,0.105453586,0.626444401,0.292128603,0.390581491,0.278009452,0.1048381,0.14937107,0.164165931,0.086088155,0.041068583,0.033956662,0.005184166,0.149877152,0.10413999,0.122687048,0.35252809,1,0.211330513,0,0,0.022413135,3
0.834519913,0.414186835,0.697072068,0.390845932,0.74337887,0.19679793,0.45752302,0.76641083,0.210687396,0.383270978,0.3761234,0.345938375,0.137571158,0.103882348,0.134664272,0.221138793,0.684031497,0.430856555,0.061464877,0.078700114,0.319240102,0.094512195,0.319236884,0.446910415,0.156374328,0.217466705,0.221302114,0.25066845,0.25909443,0.235187834,0.395672893,0.242448332,0.252692627,0.285788651,0.404370456,0.505684625,0.150862337,0.052964881,0.026728364,0.158675683,3
0.938665743,0.320005063,0.638185314,0.363618089,0.707389635,0.172973017,0.41626283,0.711590724,0.189310109,0.294168135,0.326338708,0.253968254,0.136345827,0.087765127,0.05250483,0.131731995,0.777687077,0.56935862,0.174049762,0.139275949,0.688372146,0.140811692,0.236196521,0.492144264,0.124480603,0.127721336,0.175464801,0.20242915,0.307266142,0.29993163,0.009822615,0.026698764,0.069567201,0.043710365,0.079925397,0.215561528,0.291416605,0.424934813,0.294336637,0.379366295,3
0.880313085,0.371020577,0.669316419,0.432495134,0.749010909,0.163600805,0.497248991,0.752933757,0.171684255,0.367621834,0.214480394,0.191609975,0.112539413,0.137820097,0.132199661,0.165465195,0.875250317,0.418546367,0.152638878,0.033281674,0.441462816,0.193288098,0.326437716,0.405256259,0.128266649,0.170485175,0.108621067,0.290498973,0.183419072,0.310591626,0.339113805,0.024791706,0.051678492,0.113646949,0.14843288,0.350287484,0.420222807,0.316883209,0.081993777,0.186275274,3
0.911654551,0.386644131,0.717360711,0.384258406,0.696922946,0.159469859,0.439581151,0.71790786,0.173982535,0.334445768,0.132219022,0.480690871,0.129032258,0.087609026,0.110390902,0.372639962,0.514108599,0.347986825,0.100658409,0.034191915,0.266653173,0.063732362,0.254716786,0.632711167,0.181885376,0.128424782,0.184503216,0.278648555,0.436176649,0.317228594,0.142296084,0.025266648,0.065835626,0.074458347,0.216109174,0.560996812,0.372278424,0.20072254,0.089135509,0.142501893,3
0.873072571,0.30442759,0.768729996,0.390974738,0.639169332,0.178214536,0.433395829,0.621897836,0.177847268,0.309491045,0.339915896,0.248696992,0.090755898,0.083782099,0.046333552,0.158588543,0.674097905,0.688727416,0.231705549,0.091877198,0.535567386,0.118492901,0.420189593,0.367999452,0.183913049,0.125070403,0.125778873,0.220488468,0.182050278,0.136073966,0.136954512,0.049213395,0.102585662,0.290054154,0.484068422,0.703624733,0.14830116,0.021452844,0.005425458,0.021707542,3
0.926332837,0.385068627,0.678331407,0.336437926,0.790470203,0.16939863,0.379673136,0.801601359,0.170664295,0.314621265,0.499609434,0.254586683,0.145789694,0.089211396,0.177260624,0.353022831,0.619336096,0.253664466,0.062035052,0.0268024,0.699518951,0.222574173,0.352404353,0.258151635,0.117826341,0.102425876,0.187618207,0.177095632,0.211209843,0.243401346,0.09183359,0.028548026,0.074385709,0.093475845,0.158713946,0.576230492,0.514414242,0.128235634,0.056650246,0.083194967,3
0.954953681,0.327873187,0.834094395,0.329599776,0.733952131,0.161916733,0.351582486,0.710505651,0.177146871,0.268478535,0.266732544,0.141923436,0.101591009,0.059485096,0.076440855,0.242853128,0.623526892,0.623084861,0.172912182,0.185930629,0.791078128,0.266857962,0.331515225,0.332101789,0.135393325,0.080295399,0.076264112,0.164541341,0.1962372,0.130939347,0.098803878,0.179038766,0.248805047,0.596003685,0.414738929,0.341305753,0.091651297,0.055843,0.046055027,0.031611391,3
0.963087951,0.32717294,0.66447142,0.358110089,0.736039834,0.177702687,0.368733395,0.680175655,0.200722161,0.279057395,0.210678671,0.104550266,0.058207885,0.030544666,0.125049002,0.198845409,0.63643454,0.872436649,0.095533981,0.16832894,0.583102549,0.275555555,0.385921921,0.377166156,0.112662532,0.113920336,0.085609494,0.080808082,0.144561406,0.127974054,0.01686578,0.205165165,0.351298903,0.287905604,0.350961298,0.631036413,0.160951262,0.035171705,0.025849298,0.05834195,3
0.886204639,0.440811489,0.69487847,0.435815849,0.919727931,0.163098421,0.498228694,0.947331872,0.184338709,0.38126402,0.429706823,0.162606977,0.103463654,0.070942452,0.115686045,0.12517544,0.559583467,0.634570298,0.231130599,0.262425027,0.585154618,0.24390244,0.350130776,0.221959161,0.118740469,0.190809496,0.133148404,0.125680773,0.349745332,0.176482004,0.101771871,0,0.079184787,0.099506545,0.168953554,0.603183209,0.333215797,0.264871423,0.093807935,0.061409366,3
0.895549703,0.449543884,0.670343987,0.389318085,0.852954593,0.178986074,0.446486593,0.857174052,0.197817329,0.320623444,0.740385062,0.248929199,0.138590203,0.047583188,0.102405253,0.232283187,0.616697447,0.604566972,0.07582062,0.052639504,0.420840383,0.144018583,0.366108966,0.351924663,0.213335832,0.156483977,0.152874093,0.120250118,0.258145366,0.354218642,0.031927806,0.104676106,0.072732692,0.079973779,0.164140062,0.340402827,0.355976821,0.275789653,0.138478379,0.470397779,3
0.855287516,0.440619797,0.732324092,0.36991194,0.879205097,0.145538343,0.446605848,0.934890129,0.154246393,0.358887321,0.165656927,0.250634197,0.145234939,0.143278996,0.114389803,0.090158715,0.416503519,0.668909717,0.294454049,0.202186582,0.659219774,0.186435015,0.322152289,0.188513259,0.147070102,0.126044629,0.164915548,0.290577005,0.222782983,0.637425152,0.100274317,0.120449215,0.094153964,0.177476058,0.218921554,0.709105559,0.317894198,0.149444787,0.026557497,0.032127124,3
0.937242591,0.359546082,0.803693929,0.380038947,0.732321478,0.115772858,0.418410892,0.718392121,0.136608206,0.274893058,0.452501156,0.094701325,0.054230949,0.05776926,0.130374311,0.124945335,0.521419278,0.835070771,0.33459969,0.077353256,0.719470113,0.233769294,0.452252252,0.166201303,0.1480809,0.142876675,0.127948971,0.131752305,0.078565982,0.053181052,0.109693694,0.159289722,0.149418249,0.271215425,0.245236931,0.482279867,0.214551693,0.201206919,0.070242657,0.216308171,3
0.988641594,0.313578266,0.788718896,0.342022653,0.671228379,0.101933898,0.381697353,0.679525661,0.106999058,0.217185484,0.544289446,0.202094584,0.1060858,0.034463966,0.074020984,0.096449259,0.501270158,0.7853138,0.32008808,0.181213961,0.768826768,0.085743022,0.447589858,0.271919039,0.060273947,0.1321241,0.17375638,0.351452673,0.111774283,0.20165636,0.02950158,0.135971025,0.106287207,0.111303714,0.152641029,0.731872129,0.29840199,0.20080868,0.052464747,0.200302699,3
0.896321774,0.332755813,0.813294918,0.361159503,0.640234808,0.136019259,0.415367746,0.636709539,0.149843072,0.228869848,0.197372656,0.144444443,0.088624788,0.047022711,0.144388282,0.114395691,0.33904909,0.786426594,0.389678079,0.251849178,0.739517652,0.119383825,0.471294452,0.193143408,0.120063549,0.197169812,0.177414411,0.167464114,0.08559557,0.061147725,0.312358903,0.069416787,0.090437359,0.227293899,0.207806032,0.502078725,0.318951823,0.197732141,0.030611011,0.27073004,3
0.838610761,0.3389573,0.803183284,0.410680933,0.711667638,0.171850417,0.500183065,0.726437312,0.17654625,0.242931485,0.230358839,0.11738428,0.123237395,0.109819704,0.109647061,0.123749348,0.158812865,1,0.371838847,0.156051629,0.791550255,0.135825909,0.349344554,0.260945998,0.156854697,0.094452605,0.187430962,0.217746327,0.29215254,0.240056925,0.363946208,0.157954363,0.164628491,0.413756557,0.464408261,0.491521159,0.092879826,0.07053643,0.017413449,0.049872127,3
0.92314214,0.310779871,0.829551847,0.360875929,0.607553462,0.154389444,0.391672764,0.569025521,0.170889315,0.230623747,0.12274323,0.227283182,0.081346424,0.028600053,0.059892285,0.132078547,0.561171095,0.877531994,0.323061769,0.107882009,0.698425736,0.087663485,0.262175219,0.631564952,0.126998538,0.104776229,0.162844144,0.263504609,0.104754638,0.231259625,0.797307784,0.828306571,0.41505069,0.552862211,0.306546164,0.310802581,0.059935066,0.004549305,0.014048532,0.065577048,3
0.896065615,0.372945207,0.780834167,0.404591215,0.716853346,0.142190447,0.479166763,0.73631533,0.154974549,0.293216701,0.440835188,0.240416293,0.105903835,0.05501745,0.111387014,0.114615638,0.36628718,0.912115195,0.315442389,0.060288837,0.661002478,0.085595951,0.339189189,0.411113034,0.071309279,0.186009257,0.204433045,0.257289882,0.230139026,0.181490028,0.189563952,0.124426316,0.064841883,0.142594757,0.126377995,0.481369906,0.360203716,0.257792364,0.102878985,0.210620203,3
0.805954058,0.334642,0.819525017,0.401058993,0.585369397,0.156845379,0.483218212,0.606568388,0.175982003,0.270756396,0.796695491,0.216809303,0.129329567,0.043117446,0.078333818,0.1591979,0.243583986,0.78308675,0.4072301,0.087693642,0.585154618,0.055749128,0.193822394,0.549613156,0.128795882,0.245326493,0.188626907,0.356095518,0.224836283,0.30388614,0.265753575,0.455847554,0.490945674,0.368174217,0.402889246,0.265809549,0.136560548,0.037077431,0.046903968,0.061409366,3
0.826042966,0.365276731,0.833873883,0.412771019,0.663135442,0.154195993,0.499720046,0.67516033,0.162726168,0.307655473,0.108216444,0.172715193,0.107147931,0.109554245,0.12371595,0.060337921,0.17147485,0.684055955,0.589196355,0.319834934,0.750526792,0.059954872,0.316775806,0.343531505,0.188109527,0.104230737,0.222744963,0.240288345,0.262694182,0.370113844,0.094548011,0.087153232,0.030278589,0.161709096,0.173934565,0.674341984,0.329804652,0.124381737,0.10889159,0.222549899,3
0.927657938,0.363777134,0.729334756,0.343683001,0.755787228,0.149634949,0.404175173,0.782035297,0.164203792,0.303852366,0.439925636,0.149515737,0.118917441,0.103129853,0.076782751,0.082387869,0.477905635,0.881430272,0.273243377,0.133042357,0.77662878,0.128152129,0.379431974,0.204089567,0.132715789,0.142029101,0.183643244,0.211864405,0.229705619,0.354631859,0.088569947,0.027943197,0.131057531,0.128093596,0.155351362,0.479418886,0.384619062,0.205254352,0.117061173,0.186672898,3
0.899958209,0.362255305,0.807722634,0.376904441,0.694103577,0.150722049,0.457953853,0.734893292,0.159177999,0.301314467,0.295307227,0.232580038,0.12684527,0.103129853,0.069913741,0.057361178,0.210591497,0.819357717,0.526246503,0.199985703,0.739711951,0.08970649,0.316193311,0.291556523,0.086486455,0.167093061,0.204048051,0.308166409,0.321587869,0.393680868,0.239349745,0.027943197,0.101933636,0.201289936,0.280827461,0.742629255,0.215097655,0.10052703,0.073933373,0.107347453,3
0.91727196,0.311208072,0.776182535,0.338488686,0.60815817,0.127865209,0.40692509,0.63033486,0.132222849,0.248675792,0.437891628,0.413569084,0.126310059,0.043000041,0.076348004,0.125577393,0.61467671,0.741727738,0.181393634,0.02576353,0.699757657,0.089327982,0.125943665,0.541942477,0.141142401,0.166388027,0.172709025,0.364403527,0.36597824,0.469636967,0.087933758,0.027825292,0.043501516,0.009110936,0.172545394,0.496117434,0.444845656,0.2717974,0.092026771,0.106789604,3
0.788546615,0.387420922,0.849836705,0.460638202,0.734755651,0.190951819,0.566394232,0.790363796,0.192533937,0.342730164,0.482133776,0.307146515,0.112085625,0.10804246,0.048452037,0.084348486,0.218304027,0.756083758,0.4072301,0.306107871,0.725676746,0.160278745,0.375140117,0.137403289,0.098629644,0.181723329,0.210818308,0.335148723,0.174872669,0.261418101,0.183762723,0.151949187,0.237554358,0.238815708,0.526355304,0.46005499,0.111978643,0.043777254,0.046903968,0.205194352,3
0.842088743,0.376879079,0.797756337,0.406509854,0.673767834,0.157572149,0.491763963,0.696328652,0.157800932,0.319187629,0.485894361,0.248141449,0.165781952,0.068476945,0.062667949,0.075735204,0.383210422,0.556295804,0.41317439,0.332403593,0.662996592,0.114850262,0.343482723,0.280648782,0.205590382,0.149749224,0.132071608,0.326045264,0.205862761,0.275215729,0.613436298,0.194777056,0.377013132,0.446435906,0.511686341,0.374428251,0.045337821,0.008016595,0.018405354,0.054129113,3
0.88747077,0.354086514,0.797607302,0.400012774,0.636245086,0.151903447,0.485051952,0.652304437,0.147671488,0.267500658,0.499609434,0.22403628,0.142549923,0.04651828,0.043222726,0.09478204,0.161002787,0.502255638,0.705131761,0.346878528,0.68820418,0.151219512,0.374723294,0.218435998,0.166000908,0.131446542,0.1605178,0.281385282,0.180701753,0.315210956,0.191961799,0.031402833,0.065459423,0,0.013429642,0.264105642,0.427241589,0.391944738,0.200793651,0.510018536,3
1,0.335520658,0.824552709,0.335070922,0.793208143,0.110542214,0.37053596,0.827231729,0.123278401,0.286211365,0.609390384,0.155443675,0.082421486,0.038622953,0.073726496,0.092861595,0.570218868,0.748589536,0.347204995,0.166720463,1,0.133233051,0.370567924,0.161661883,0.082372656,0.130288421,0.148496643,0.320384459,0.214931602,0.288919433,0.094548011,0.058102157,0.317925171,0.370979688,0.360293026,0.537518972,0.112438876,0.111572383,0.051243101,0.002628538,3
0.971891351,0.350669408,0.827442124,0.342310804,0.747287874,0.150043922,0.414378735,0.79131022,0.161037547,0.291964461,0.541282132,0.351851853,0.159911772,0.052907727,0.043024791,0.102173929,0.728332593,0.626030891,0.204132436,0.053282508,0.839261183,0.071086095,0.4000693,0.215635537,0.059697149,0.126390905,0.185212845,0.291375291,0.347503374,0.397352147,0.241927167,0.028182026,0.13217768,0.230693594,0.313358302,0.65416936,0.182835461,0.101527441,0.093206602,0.135145259,3
